t_s,ax_g,ay_g,az_g,gx_dps,gy_dps,gz_dps,temp_c
0.0087,0.4146,-0.0945,-0.9678,2.481,-3.771,-0.771,26.27
0.0166,0.4150,-0.1052,-0.9670,2.351,-2.145,0.198,25.94
0.0238,0.4038,-0.1172,-0.9712,1.565,-0.718,-0.374,26.03
0.0547,0.4189,-0.0967,-0.9697,3.023,-3.321,-1.695,25.98
0.0572,0.4131,-0.1050,-0.9729,2.038,-0.992,-1.702,25.98
0.0607,0.4031,-0.0959,-0.9651,-3.122,9.313,-0.664,26.18
0.0681,0.3982,-0.0999,-0.9712,5.649,-8.855,-2.099,26.32
0.0763,0.3984,-0.0974,-0.9604,2.863,-4.450,-3.893,25.79
0.0863,0.4248,-0.1028,-0.9736,2.634,-2.397,-2.450,26.03
0.1049,0.3984,-0.1089,-0.9692,2.679,-3.282,-3.427,25.60
0.1110,0.4009,-0.1047,-0.9675,7.656,-16.008,-4.809,26.03
0.1156,0.4175,-0.1018,-0.9771,2.809,-5.573,-3.359,25.98
0.1250,0.4287,-0.0986,-0.9731,2.542,-2.634,-2.664,25.79
0.1377,0.4048,-0.0979,-0.9714,2.008,-2.542,-2.389,26.03
0.1466,0.4033,-0.0938,-0.9700,1.511,-2.382,-2.626,25.74
0.1551,0.4141,-0.0989,-0.9695,2.107,-3.221,-2.115,25.79
0.1686,0.4041,-0.1057,-0.9639,2.000,-2.038,-2.695,25.98
0.1779,0.4026,-0.1133,-0.9656,0.603,-0.878,-2.916,26.32
0.1874,0.4077,-0.1057,-0.9746,2.374,-2.977,-4.031,25.84
0.1940,0.4023,-0.1028,-0.9636,0.756,-0.496,-3.992,26.32
0.2065,0.4121,-0.0911,-0.9688,2.450,-3.855,-5.656,25.94
0.2200,0.4275,-0.0903,-0.9717,1.733,-1.992,-2.588,26.27
0.2358,0.4246,-0.0884,-0.9714,-0.382,0.107,-1.870,26.18
0.2383,0.4033,-0.0989,-0.9622,1.893,-3.214,-3.191,25.98
0.2521,0.4163,-0.1067,-0.9690,1.649,-3.321,-2.092,25.98
0.2582,0.4216,-0.0923,-0.9758,2.244,-1.817,-1.931,25.74
0.2706,0.4092,-0.1045,-0.9724,0.695,1.275,-1.527,25.98
0.2774,0.3997,-0.0989,-0.9709,2.916,-4.214,-2.466,26.32
0.2887,0.4138,-0.0994,-0.9678,2.473,-3.573,-2.389,26.32
0.2966,0.4138,-0.0952,-0.9707,2.382,-1.779,-1.229,26.03
0.3085,0.4001,-0.1038,-0.9663,2.000,-2.618,-1.855,25.94
0.3188,0.4138,-0.0999,-0.9702,1.656,-3.534,-2.458,26.32
0.3267,0.4128,-0.1028,-0.9695,1.557,-2.481,-2.710,26.32
0.3353,0.4070,-0.0962,-0.9658,1.550,-1.969,-2.031,26.32
0.3479,0.4080,-0.0935,-0.9731,1.481,-3.412,-1.954,26.03
0.3598,0.4180,-0.0986,-0.9683,1.221,-1.718,-1.305,25.94
0.3638,0.4138,-0.1021,-0.9744,6.901,-12.763,-2.412,26.13
0.3754,0.4036,-0.1006,-0.9766,2.107,-2.664,-2.519,26.32
0.3865,0.4111,-0.0967,-0.9778,2.550,-3.672,-1.962,25.46
0.3928,0.4175,-0.0933,-0.9729,1.366,-1.229,-1.817,25.65
0.4061,0.4075,-0.0959,-0.9709,2.427,-2.168,-1.069,25.60
0.4162,0.4075,-0.0945,-0.9744,2.687,-3.550,-1.176,25.79
0.4288,0.4150,-0.0940,-0.9690,0.817,-0.405,-0.870,25.94
0.4363,0.4197,-0.0964,-0.9626,2.282,-2.267,-0.824,26.27
0.4461,0.4033,-0.1003,-0.9709,2.229,-2.191,-1.061,25.94
0.4550,0.4077,-0.0952,-0.9673,2.046,-3.336,-1.191,26.27
0.4684,0.4148,-0.0945,-0.9685,2.046,-2.168,-0.298,26.18
0.4782,0.4109,-0.0991,-0.9688,0.908,0.191,-0.244,25.94
0.4856,0.4011,-0.1028,-0.9702,1.916,-3.076,-0.947,25.98
0.5026,0.4089,-0.0938,-0.9690,1.878,-2.947,-1.198,25.74
0.5077,0.4146,-0.0994,-0.9766,1.802,-2.527,-0.237,26.13
0.5140,0.4106,-0.1011,-0.9690,2.397,-2.824,-0.885,25.74
0.5263,0.4031,-0.1003,-0.9773,1.908,-3.214,-0.718,25.94
0.5349,0.4148,-0.1013,-0.9719,2.130,-3.588,-1.153,25.94
0.5446,0.4170,-0.0986,-0.9700,1.863,-2.733,-0.824,26.27
0.5542,0.4058,-0.1074,-0.9697,2.427,-2.672,-1.023,26.18
0.5715,0.4138,-0.0959,-0.9771,2.191,-3.641,-1.519,26.13
0.5738,0.4221,-0.0947,-0.9697,0.626,-3.107,-1.397,25.98
0.5879,0.4067,-0.1011,-0.9692,1.931,-2.053,-1.038,25.65
0.5968,0.4014,-0.1052,-0.9675,1.084,-0.565,-0.649,25.94
0.6061,0.4070,-0.0867,-0.9639,2.321,-3.985,-2.168,25.65
0.6176,0.4246,-0.0920,-0.9746,1.649,-3.298,-1.237,26.37
0.6263,0.4185,-0.1047,-0.9775,1.992,-1.458,0.534,26.03
0.6368,0.3894,-0.1042,-0.9656,2.084,-2.679,-0.649,26.18
0.6436,0.4014,-0.1047,-0.9736,3.137,-5.298,-1.733,25.84
0.6566,0.4231,-0.0989,-0.9724,2.412,-3.550,-1.069,26.37
0.6662,0.4102,-0.0972,-0.9753,2.137,-1.809,-1.031,26.03
0.6738,0.4016,-0.1082,-0.9702,1.603,-1.069,-1.130,26.03
0.6833,0.3999,-0.1003,-0.9656,2.931,-3.412,-3.038,26.18
0.6971,0.4143,-0.0916,-0.9722,2.382,-3.237,-2.015,25.94
0.7027,0.4199,-0.0872,-0.9722,1.718,-2.099,-0.878,25.98
0.7159,0.4104,-0.0933,-0.9663,2.176,-1.969,-0.481,26.32
0.7254,0.4075,-0.1001,-0.9668,2.275,-3.092,-1.275,25.98
0.7332,0.4077,-0.0972,-0.9712,1.916,-2.130,-0.802,25.94
0.7437,0.4077,-0.0994,-0.9700,2.267,-3.160,-1.450,26.18
0.7617,0.4087,-0.0962,-0.9717,2.489,-2.366,-1.389,25.98
0.7640,0.4070,-0.0918,-0.9719,-2.779,7.992,-0.481,25.60
0.7736,0.4060,-0.0999,-0.9797,2.557,-2.702,-1.588,26.18
0.7831,0.4075,-0.0994,-0.9697,2.374,-3.473,-1.817,25.94
0.7942,0.4136,-0.0972,-0.9731,2.252,-3.305,-1.679,26.18
0.8042,0.4128,-0.1011,-0.9753,2.107,-2.115,-1.412,25.98
0.8150,0.4004,-0.1028,-0.9709,2.382,-2.573,-1.603,25.84
0.8245,0.4062,-0.1001,-0.9705,2.305,-3.427,-1.931,26.13
0.8327,0.4146,-0.0967,-0.9763,2.183,-3.084,-1.885,25.98
0.8451,0.4150,-0.0999,-0.9744,2.374,-1.809,-1.679,26.13
0.8555,0.4045,-0.0999,-0.9707,2.786,-2.588,-1.992,25.74
0.8630,0.4023,-0.0974,-0.9702,1.573,-1.298,-1.931,25.94
0.8750,0.4138,-0.1069,-0.9683,2.458,-3.214,-2.244,25.94
0.8846,0.4021,-0.1021,-0.9731,2.313,-2.244,-2.153,25.79
0.8998,0.4058,-0.1067,-0.9736,2.756,-3.000,-3.695,25.94
0.9021,0.4050,-0.0991,-0.9683,-2.389,7.038,-2.634,25.94
0.9145,0.3975,-0.1194,-0.9692,2.924,-3.153,-2.672,25.94
0.9233,0.3975,-0.0991,-0.9695,3.748,-4.626,-6.206,25.98
0.9366,0.4138,-0.0938,-0.9746,3.313,-2.702,-4.511,26.27
0.9446,0.4070,-0.0920,-0.9727,2.038,-1.290,-3.794,25.98
0.9540,0.4104,-0.1082,-0.9731,3.397,-3.061,-4.305,26.18
0.9704,0.4163,-0.0984,-0.9734,3.267,-3.481,-4.206,26.03
0.9772,0.4250,-0.0933,-0.9556,3.061,-5.137,-4.076,26.37
0.9834,0.4304,-0.0840,-0.9753,2.985,-1.534,-3.748,25.98
0.9963,0.4172,-0.1013,-0.9680,2.038,-1.916,-1.458,25.94
1.0046,0.4097,-0.0974,-0.9675,2.664,-2.275,-2.931,25.84
1.0147,0.4141,-0.1042,-0.9741,2.206,-2.137,-2.366,26.32
1.0265,0.4106,-0.0991,-0.9653,2.580,-2.282,-2.588,26.27
1.0326,0.4038,-0.1011,-0.9734,1.855,-1.031,-3.237,25.84
1.0442,0.4092,-0.1094,-0.9619,2.412,-3.038,-2.580,25.98
1.0592,0.4146,-0.0955,-0.9717,2.313,-2.817,-3.008,25.94
1.0649,0.4119,-0.0957,-0.9724,4.061,-5.985,-3.527,25.98
1.0733,0.4082,-0.0940,-0.9751,2.183,-2.313,-2.687,25.94
1.0836,0.4133,-0.0896,-0.9641,2.153,-2.992,-2.489,25.74
1.0985,0.4114,-0.0994,-0.9680,2.313,-1.580,-2.061,25.98
1.1086,0.4011,-0.0898,-0.9670,0.710,1.061,-1.901,26.32
1.1151,0.4077,-0.0972,-0.9729,2.206,-3.985,-2.168,26.03
1.1250,0.4282,-0.1023,-0.9722,2.878,-3.038,-2.122,26.18
1.1336,0.4160,-0.0923,-0.9724,2.931,-1.710,-2.076,25.98
1.1454,0.4070,-0.0962,-0.9648,2.702,-3.458,-3.000,26.32
1.1560,0.4236,-0.0872,-0.9734,3.084,-4.183,-1.672,25.79
1.1626,0.4277,-0.0969,-0.9744,1.305,0.641,-1.076,25.84
1.1776,0.3921,-0.0991,-0.9707,2.710,-1.534,-1.237,26.27
1.1878,0.3965,-0.0986,-0.9688,2.847,-4.435,-2.473,26.13
1.1930,0.4126,-0.0967,-0.9749,1.328,-1.916,-2.641,26.03
1.2030,0.4199,-0.0989,-0.9736,2.427,-2.519,-1.565,25.94
1.2140,0.3994,-0.0974,-0.9661,2.504,-1.672,-1.634,25.50
1.2239,0.3977,-0.0984,-0.9612,2.481,-4.038,-2.878,26.32
1.2327,0.4128,-0.0979,-0.9617,2.351,-3.595,-2.794,25.84
1.2433,0.4143,-0.1023,-0.9666,1.809,-1.328,-1.611,26.27
1.2547,0.3999,-0.1123,-0.9675,1.863,-1.023,-1.855,26.13
1.2682,0.3911,-0.1074,-0.9688,2.679,-2.847,-5.389,26.37
1.2790,0.4172,-0.0957,-0.9751,1.992,-3.382,-4.634,25.98
1.2868,0.4229,-0.0959,-0.9792,0.947,0.366,-2.710,26.18
1.2970,0.4077,-0.1047,-0.9788,2.191,-2.076,-2.496,25.98
1.3036,0.4065,-0.0835,-0.9727,2.198,-3.634,-3.870,26.37
1.3153,0.4246,-0.0930,-0.9673,2.053,-3.450,-2.198,26.13
1.3298,0.4121,-0.0959,-0.9688,2.015,-0.542,-1.641,25.98
1.3337,0.3972,-0.1003,-0.9661,2.069,-0.611,-2.282,26.27
1.3455,0.4329,-0.0986,-0.9761,3.847,-4.962,-3.290,26.13
1.3541,0.4387,-0.0649,-0.9902,2.557,-0.183,-3.023,25.98
1.3628,0.4119,-0.0950,-0.9719,3.802,0.099,-0.389,26.13
1.3746,0.3730,-0.0920,-0.9602,3.160,-3.084,-2.069,25.79
1.3840,0.4072,-0.1021,-0.9685,3.412,-5.015,-3.695,25.94
1.3941,0.4324,-0.0977,-0.9700,3.542,-1.870,-2.832,25.60
1.4031,0.4106,-0.0911,-0.9749,3.962,0.687,-2.397,26.18
1.4137,0.3796,-0.0840,-0.9519,3.290,-2.229,-3.534,25.98
1.4248,0.4155,-0.1084,-0.9670,2.656,-4.229,-4.282,26.27
1.4327,0.4282,-0.0989,-0.9644,2.260,-0.260,-3.038,25.98
1.4452,0.3914,-0.1143,-0.9609,3.076,-0.031,-2.878,26.18
1.4554,0.3860,-0.1001,-0.9551,3.427,-5.748,-5.870,26.32
1.4628,0.4397,-0.0876,-0.9751,2.573,-4.443,-5.511,26.27
1.4747,0.4487,-0.0867,-0.9883,3.504,1.496,-2.053,25.94
1.4932,0.4153,-0.0728,-0.9753,4.321,-5.557,-2.420,25.94
1.4956,0.4302,-0.0896,-0.9697,-1.649,6.748,-1.649,26.27
1.5030,0.4463,-0.0938,-0.9802,4.298,-0.611,-2.611,25.79
1.5147,0.4067,-0.1067,-0.9707,6.153,-1.282,-3.534,25.98
1.5287,0.4297,-0.1064,-0.9790,7.481,-4.031,-6.527,25.60
1.5328,0.4292,-0.1125,-0.9797,13.076,-12.069,-7.198,26.37
1.5462,0.3887,-0.1077,-0.9736,8.733,-2.656,-8.443,26.32
1.5618,0.4409,-0.0769,-1.0002,9.374,-4.908,-11.427,25.84
1.5642,0.4275,-0.0706,-1.0103,14.473,-10.855,-11.313,26.27
1.5778,0.2661,-0.1328,-0.9685,8.313,2.000,-6.550,26.27
1.5855,0.2896,-0.2136,-0.9016,10.435,-22.015,-21.282,25.94
1.5971,0.5547,-0.0786,-0.9590,10.893,-19.878,-27.359,26.13
1.6050,0.5759,-0.0959,-0.9817,4.397,12.137,-3.939,25.84
1.6160,0.2920,-0.1802,-0.9270,3.000,13.473,-9.618,26.37
1.6258,0.2849,-0.2109,-0.9438,2.534,-8.893,-20.405,26.13
1.6363,0.4497,-0.1621,-0.9802,0.511,-8.008,-20.779,25.84
1.6433,0.4973,-0.1697,-0.9668,-4.076,4.473,-17.359,26.13
1.6559,0.3638,-0.1514,-0.9509,-4.931,8.565,-20.702,25.74
1.6644,0.3809,-0.1411,-0.9546,-6.435,-1.046,-24.565,26.18
1.6789,0.4399,-0.0894,-0.9583,-9.855,0.366,-21.405,26.46
1.6842,0.4536,-0.1318,-0.9634,-13.847,7.382,-15.008,25.79
1.6947,0.3762,-0.0884,-0.9285,-17.198,10.725,-21.282,25.98
1.7042,0.4155,-0.1235,-0.9609,-21.641,3.687,-18.916,25.84
1.7167,0.4216,-0.1899,-1.0027,-22.924,12.954,-24.313,26.27
1.7286,0.3813,-0.1821,-1.0212,-26.115,10.794,-24.145,26.46
1.7340,0.3926,-0.1665,-1.0522,-27.023,12.969,-30.740,26.13
1.7481,0.4202,-0.1270,-1.1133,-30.626,9.008,-26.947,25.94
1.7545,0.4583,-0.1558,-1.1482,-35.725,14.931,-33.244,26.27
1.7675,0.4692,-0.0676,-1.2114,-40.160,9.229,-41.099,26.27
1.7737,0.6230,-0.1147,-1.2310,-44.679,5.611,-37.664,25.98
1.7870,0.7244,-0.1201,-1.3142,-47.252,26.939,-32.344,26.03
1.7974,0.5405,-0.0894,-1.2471,-61.260,55.672,-9.550,26.32
1.8091,0.2234,-0.3464,-1.2312,-56.740,20.328,-34.863,26.03
1.8157,0.5227,-0.0376,-1.3430,-60.183,-1.275,-42.756,25.98
1.8257,0.8015,-0.1965,-1.2939,-71.992,37.160,-14.969,25.94
1.8328,0.4192,-0.1279,-1.2139,-73.145,58.840,-9.389,25.84
1.8433,0.0173,-0.2222,-1.1763,-71.519,36.260,-8.756,25.98
1.8585,0.1353,-0.0847,-1.2019,-66.420,-6.061,-25.260,26.03
1.8660,0.3145,-0.0557,-1.1494,-69.878,11.779,-3.359,26.32
1.8764,0.1726,-0.2649,-1.0586,-69.527,27.351,12.206,26.13
1.8855,-0.0613,-0.6709,-0.8794,-62.137,-0.763,28.603,25.94
1.8977,0.0879,-0.8569,-0.6738,-33.763,-14.427,10.550,25.60
1.9028,0.2744,-0.7898,-0.6609,-24.382,-25.450,34.695,25.98
1.9178,0.1538,-0.7449,-0.6257,-7.534,-0.992,63.916,25.94
1.9242,-0.0374,-1.0574,-0.5840,-0.969,-3.794,74.611,26.03
1.9417,0.0278,-1.0503,-0.5933,34.084,-54.847,38.878,26.03
1.9482,0.2788,-0.9893,-0.6855,47.626,-54.489,34.366,26.18
1.9536,0.4165,-0.8677,-0.7229,57.282,-33.679,51.351,26.32
1.9682,0.2039,-0.9448,-0.7871,80.366,-37.817,50.756,26.27
1.9782,0.2805,-0.8992,-0.8381,92.969,-51.863,37.786,26.18
1.9971,0.4460,-0.8259,-0.8989,100.252,-52.260,39.855,26.13
2.0003,0.4485,-0.7568,-1.0066,121.733,-36.137,53.450,26.37
2.0033,0.3557,-0.7141,-1.0183,125.725,-38.527,49.954,26.13
2.0154,0.3916,-0.6157,-1.0486,136.008,-62.779,39.527,26.18
2.0309,0.5649,-0.5496,-1.1550,140.053,-50.977,46.985,25.84
2.0333,0.4512,-0.4512,-1.2393,142.626,-39.000,46.740,25.84
2.0455,0.5266,-0.4282,-1.2065,142.000,-64.420,43.641,25.79
2.0561,0.5229,-0.2930,-1.2729,148.031,-42.672,38.489,25.98
2.0627,0.4153,-0.1741,-1.2695,140.267,-49.351,42.412,25.79
2.0766,0.5295,-0.0688,-1.2715,135.130,-65.779,32.870,26.27
2.0856,0.8022,-0.1499,-1.2896,128.855,-56.565,41.504,25.94
2.0959,0.7200,-0.1672,-1.2280,123.725,-22.870,58.305,26.03
2.1028,0.4460,-0.3025,-1.1794,123.099,-23.992,53.885,26.18
2.1158,0.4397,-0.0945,-1.1235,117.321,-45.626,47.000,26.18
2.1253,0.5459,-0.3352,-1.1624,115.618,-32.252,48.832,25.65
2.1338,0.4446,-0.1924,-1.1316,114.779,-34.702,45.588,25.84
2.1453,0.5569,-0.2458,-1.1277,107.237,-38.405,42.931,25.84
2.1550,0.5403,-0.1575,-1.1218,106.023,-24.023,32.061,26.03
2.1632,0.3508,-0.2871,-1.1211,99.992,-25.267,46.969,25.94
2.1733,0.3191,-0.3267,-1.1069,106.183,-50.366,27.000,25.84
2.1849,0.5950,-0.1938,-1.1013,107.603,-59.832,15.916,25.84
2.1995,0.5415,-0.0725,-0.9814,94.290,-14.809,38.687,26.03
2.2031,0.4604,-0.1033,-0.8984,93.481,-18.954,48.542,25.74
2.2172,0.3340,-0.0137,-0.8643,82.198,-25.458,33.282,25.74
2.2245,0.3923,-0.0215,-0.8806,75.237,-28.565,40.809,26.32
2.2327,0.4153,-0.0146,-0.9128,71.076,-17.366,32.015,26.18
2.2488,0.3630,-0.0239,-0.8535,60.954,-13.634,28.977,26.18
2.2547,0.3167,0.0095,-0.8059,59.397,-11.099,14.977,25.98
2.2688,0.2690,0.1833,-0.8113,49.481,-17.939,14.977,26.03
2.2785,0.3484,0.2241,-0.8557,42.084,-25.672,8.557,25.74
2.2852,0.4143,0.2598,-0.8945,35.954,-21.092,2.130,26.37
2.2946,0.4475,0.4185,-0.8843,26.519,-16.527,-5.305,26.18
2.3035,0.4258,0.5042,-0.8716,13.908,-5.664,-5.824,25.79
2.3152,0.3521,0.5381,-0.8547,-0.267,-1.748,-7.588,26.18
2.3306,0.3313,0.5715,-0.9246,-17.626,4.840,-21.992,25.65
2.3335,0.2688,0.5933,-0.9304,-30.885,10.855,-24.198,26.13
2.3454,0.2678,0.5723,-0.9170,-43.450,-2.718,-39.763,25.94
2.3568,0.3726,0.6399,-0.9778,-53.198,0.313,-53.954,26.27
2.3642,0.3157,0.7622,-1.0464,-69.855,15.733,-55.901,26.13
2.3782,0.2356,0.5369,-1.0229,-84.824,10.420,-56.962,25.94
2.3858,0.2197,0.5720,-1.0806,-90.031,12.977,-71.382,25.84
2.3959,0.1677,0.5986,-1.1179,-94.084,11.092,-64.229,26.03
2.4029,0.1309,0.6775,-1.0862,-104.893,0.420,-73.244,26.27
2.4152,0.5447,0.0178,-0.9448,-139.710,-5.802,-7.771,26.27
2.4249,0.5942,-2.0000,-0.8772,-182.137,103.847,77.718,25.98
2.4326,0.3369,-2.0000,-1.0679,-198.496,250.130,242.855,25.94
2.4462,-2.0000,-2.0000,-0.1370,170.679,48.550,-108.176,25.74
2.4562,-1.0613,1.9999,-1.7415,250.130,-250.137,-250.137,25.84
2.4644,1.9999,1.9999,-2.0000,53.214,-250.137,-250.137,25.84
2.4759,1.9999,1.9999,-2.0000,-213.550,-100.626,-22.771,25.98
2.4848,1.9575,-2.0000,-2.0000,-162.809,250.130,43.664,26.18
2.4974,-1.1643,-1.8499,-0.8701,-63.931,141.962,27.359,26.13
2.5061,-1.3250,-0.9873,-0.7456,-17.802,-40.672,-232.198,26.32
2.5163,-0.5015,0.3940,-0.4795,-6.298,-238.198,-210.618,25.84
2.5259,1.5879,0.8542,-1.2908,-63.214,-106.710,-63.183,25.84
2.5359,0.6687,0.8936,-1.0532,-98.664,114.336,23.504,26.51
2.5465,-0.4214,0.4167,-1.0029,-124.802,64.336,30.038,26.13
2.5602,0.2200,-0.3701,-0.8506,-85.588,-30.847,-4.824,25.74
2.5627,0.4456,-0.4170,-0.8364,-81.779,-32.779,7.771,25.84
2.5732,1.0405,-0.2537,-1.0989,-56.534,-22.588,-7.832,26.27
2.5863,0.8970,0.0942,-1.2048,-57.672,31.992,32.695,25.98
2.5970,0.1880,-0.1978,-1.1189,-56.328,39.611,22.053,26.27
2.6061,0.0398,-0.3140,-1.0417,-46.832,-17.458,-26.855,26.13
2.6166,0.4163,-0.4097,-1.0288,-39.893,-29.305,-32.870,26.13
2.6265,0.5227,-0.1721,-0.9517,-36.893,-15.092,-36.840,26.13
2.6384,0.3882,-0.0925,-1.0142,-34.824,-2.687,-30.687,26.13
2.6448,0.3169,-0.0928,-0.9663,-35.122,-18.611,-20.916,26.37
2.6552,0.3970,-0.0466,-1.0203,-29.206,-24.069,-26.176,25.94
2.6679,0.4165,0.0176,-1.0457,-32.885,0.901,-0.885,26.32
2.6733,0.2148,-0.0891,-0.9819,-35.626,7.198,10.130,26.03
2.6867,0.1531,-0.1465,-1.0347,-30.534,-18.672,-3.725,26.03
2.6992,0.4895,-0.0974,-1.1182,-28.305,-8.176,2.885,25.98
2.7026,0.4636,-0.0930,-1.0881,-24.130,-6.702,7.878,26.27
2.7160,0.2729,-0.0935,-1.1052,-25.244,-4.008,7.687,25.65
2.7291,0.3457,-0.0715,-1.1138,-21.527,-12.847,7.305,25.79
2.7351,0.4263,-0.0127,-1.1208,-26.374,-8.855,7.969,25.98
2.7478,0.3298,-0.1116,-1.1086,-26.206,7.031,11.519,26.18
2.7547,0.2515,-0.1814,-1.0500,-27.634,5.954,23.107,25.94
2.7652,0.2346,-0.1143,-1.0869,-26.435,-14.214,1.015,26.13
2.7782,0.4858,-0.0156,-1.1091,-33.130,-7.802,6.740,26.03
2.7852,0.4421,-0.0308,-1.0198,-40.031,13.985,28.718,25.98
2.7963,0.1963,-0.0598,-0.9556,-41.221,27.672,25.519,25.98
2.8029,0.0723,-0.0776,-0.9807,-46.672,4.198,15.931,25.74
2.8153,0.2397,-0.1860,-1.0125,-43.061,-10.275,4.221,25.98
2.8276,0.3823,-0.1067,-1.0339,-41.641,-0.298,5.183,26.27
2.8339,0.3196,-0.0962,-1.0378,-46.450,14.351,21.580,25.94
2.8457,0.2847,-0.1582,-0.9834,-41.061,6.298,-3.130,26.27
2.8554,0.3071,-0.0884,-0.9460,-47.489,-4.466,0.863,26.27
2.8626,0.4270,-0.2029,-1.0256,-45.107,14.237,-10.275,26.32
2.8736,0.2747,-0.1499,-0.9036,-46.290,26.191,-3.580,26.13
2.8850,0.3928,-0.2537,-0.9709,-41.366,0.985,-31.321,26.32
2.8987,0.3977,0.1401,-1.1624,-40.931,27.748,-40.053,26.18
2.9047,0.0972,-0.0203,-0.8140,-58.786,-2.466,-8.290,25.79
2.9179,0.5388,0.0659,-1.0393,-43.275,-1.939,-60.534,25.84
2.9245,0.5750,0.1211,-1.0359,-50.435,23.282,6.954,25.84
2.9356,0.1914,0.0283,-0.9766,-47.328,27.603,-16.382,26.32
2.9483,0.3772,0.0767,-0.9971,-49.198,-4.916,-13.756,25.84
2.9553,0.4956,0.1106,-1.0044,-49.939,-1.580,-14.550,25.94
2.9681,0.5630,0.0317,-1.1218,-52.924,19.969,5.626,26.13
2.9739,0.4399,0.0386,-1.1299,-46.344,21.183,-3.969,26.18
2.9831,0.2583,0.0762,-1.1318,-52.458,22.282,-0.580,25.65
2.9995,0.2866,0.0962,-1.1670,-52.863,5.176,-8.053,26.27
3.0050,0.3955,0.0024,-1.1799,-51.969,6.031,-7.344,25.98
3.0161,0.3701,0.0537,-1.1970,-54.779,14.771,-9.000,26.13
3.0308,0.3855,-0.0320,-1.1504,-54.855,8.511,-16.580,26.13
3.0362,0.4368,0.0000,-1.1494,-56.763,14.092,-21.863,26.46
3.0462,0.4753,-0.0518,-1.1287,-57.412,21.076,-16.878,26.18
3.0548,0.3889,-0.0332,-1.0735,-58.618,27.122,-18.992,25.98
3.0626,0.3879,-0.0586,-1.1226,-62.878,13.481,-24.969,25.84
3.0730,0.4653,-0.0359,-1.1572,-65.198,19.664,-31.000,26.18
3.0856,0.4187,-0.0181,-1.1960,-71.977,24.466,-24.832,25.79
3.0965,0.4326,-0.0212,-1.1997,-76.023,20.893,-29.008,25.60
3.1027,0.4912,-0.0046,-1.2178,-83.137,20.840,-27.672,25.94
3.1151,0.5750,-0.0808,-1.2563,-92.870,27.267,-26.443,25.98
3.1274,0.6084,-0.1411,-1.2913,-101.725,34.992,-25.542,26.27
3.1327,0.5640,-0.2053,-1.3208,-105.252,46.641,-26.092,25.84
3.1478,0.4856,-0.1899,-1.4309,-111.641,46.832,-29.443,26.13
3.1601,0.5171,-0.1340,-1.5815,-127.008,46.985,-24.931,25.84
3.1626,0.5332,-0.1541,-1.6321,-135.603,62.786,-24.382,26.13
3.1742,0.5151,-0.3640,-1.8091,-146.893,60.695,-11.176,25.98
3.1832,0.5657,-0.8062,-1.8232,-154.718,54.870,-21.412,26.27
3.1967,0.4114,-0.9287,-1.8796,-123.420,69.458,-34.847,26.18
3.2027,0.4670,-0.3933,-1.8916,-118.641,16.107,-35.145,26.18
3.2160,1.0332,-0.2339,-1.8613,-136.824,35.321,-23.145,26.18
3.2240,0.8264,0.1531,-1.9490,-152.985,110.122,8.489,26.18
3.2392,0.1760,0.2529,-1.5308,-151.107,64.588,-28.504,25.94
3.2527,0.5208,0.1050,-1.3364,-139.901,47.954,-14.328,26.32
3.2557,0.4507,0.2192,-1.2144,-129.282,52.901,-25.710,26.03
3.2657,0.2583,0.1345,-1.1472,-137.947,51.229,24.969,26.27
3.2842,0.1882,-0.1138,-1.0479,-113.511,56.321,-25.504,25.94
3.2905,0.2222,-0.3069,-0.7417,-95.733,48.756,-20.496,25.84
3.2944,0.2422,-0.2734,-0.6543,-78.351,29.908,-25.939,26.27
3.3117,0.2410,-0.1394,-0.5234,-80.695,51.069,31.641,26.27
3.3260,0.1094,-0.3845,-0.4380,-65.214,70.053,43.206,26.13
3.3284,-0.5029,0.4382,-0.3611,-39.344,62.221,10.893,26.03
3.3339,-0.6511,0.4858,-0.3472,-42.206,27.473,37.725,26.03
3.3439,-0.5864,-0.1150,-0.2615,-45.656,-37.244,65.817,26.03
3.3560,-0.1816,-0.6211,-0.2236,-5.252,-84.504,-9.527,25.98
3.3650,0.3679,-0.3706,-0.2937,7.344,-68.191,7.802,26.03
3.3806,0.2964,-0.6604,-0.2656,33.206,29.366,56.847,26.13
3.3863,0.1323,-0.6108,-0.1946,48.916,17.397,60.863,25.94
3.3937,-0.2278,-0.5801,-0.2092,65.893,-23.542,41.137,26.32
3.4033,-0.0315,-0.6272,-0.2869,93.840,-79.145,-3.863,26.27
3.4181,0.3862,-0.3071,-0.4561,116.328,-66.519,9.511,26.18
3.4241,0.3694,-0.3264,-0.4785,123.733,-44.817,13.328,25.94
3.4401,0.0847,-0.3345,-0.5342,149.924,-63.679,6.321,26.18
3.4446,0.0552,-0.2983,-0.5220,158.664,-78.229,-4.481,26.13
3.4553,0.2791,-0.1807,-0.6824,170.336,-88.137,-15.817,25.94
3.4720,0.2385,-0.3777,-0.8069,188.794,-60.656,1.282,25.98
3.4782,0.1421,-0.3940,-0.8284,204.733,-72.969,-0.809,26.18
3.4890,0.0618,-0.3276,-0.8845,206.809,-77.580,-11.137,26.13
3.4955,0.2725,-0.3452,-1.0020,228.550,-94.206,-15.351,25.98
3.5060,0.3772,-0.0879,-1.0459,235.550,-78.725,-3.534,26.13
3.5142,0.3657,-0.1038,-1.0947,233.160,-58.206,9.359,25.94
3.5314,0.2163,-0.2031,-1.1853,244.817,-72.115,28.183,25.79
3.5351,0.2585,-0.2388,-1.2212,250.130,-82.084,27.763,26.03
3.5474,0.4424,0.0081,-1.2964,250.130,-78.618,37.008,25.74
3.5548,0.4480,0.0334,-1.3843,250.130,-62.504,52.214,25.98
3.5658,0.4160,0.0381,-1.4597,250.130,-76.786,76.412,26.18
3.5731,0.5371,-0.0417,-1.5713,250.130,-77.076,78.992,26.32
3.5846,0.7573,0.0378,-1.6221,250.130,-71.939,107.008,26.13
3.5994,0.8323,0.0117,-1.5935,250.130,-47.099,132.153,25.98
3.6056,0.6995,-0.0330,-1.6265,250.130,-40.496,152.695,26.27
3.6162,0.5681,0.0508,-1.6072,250.130,-55.084,153.817,25.60
3.6283,0.6682,0.1567,-1.7070,250.130,-68.496,162.534,26.03
3.6386,0.8616,0.1758,-1.9131,241.511,-57.786,166.443,26.27
3.6449,0.8862,0.2112,-2.0000,225.969,-55.634,162.229,25.84
3.6529,0.9475,0.2805,-2.0000,207.084,-37.344,127.290,26.13
3.6671,0.9019,0.1592,-1.9136,126.275,-13.847,145.321,25.94
3.6732,0.7095,-1.4561,-2.0000,195.878,-144.038,44.260,26.32
3.6870,1.5803,0.8774,-1.8423,209.718,-76.649,2.534,25.98
3.6981,1.2539,1.3018,-1.5166,143.611,-7.771,-19.168,26.18
3.7052,0.8337,0.9792,-1.1448,136.672,-5.985,-23.374,25.98
3.7186,0.6946,1.9241,-1.1030,117.145,-42.748,-77.290,26.03
3.7256,1.0198,1.8269,-1.2197,50.435,-7.015,-5.718,26.13
3.7429,0.3455,1.3044,-1.1350,3.221,55.107,-9.137,25.94
3.7510,0.1238,1.1379,-1.2419,-26.893,3.603,-34.527,25.79
3.7537,0.1375,1.2878,-1.3574,-33.511,-6.397,-60.069,25.98
3.7684,0.5159,1.4375,-1.4165,-85.763,-35.298,-69.481,25.94
3.7793,0.9009,1.4763,-1.4604,-119.870,-1.916,-105.473,26.32
3.7855,0.9421,1.3689,-1.4771,-130.275,22.489,-102.427,26.03
3.7955,0.8030,-0.0312,-1.3022,-171.618,60.229,-9.809,25.74
3.8042,0.1743,-1.5574,-1.3330,-126.580,117.695,-51.977,25.98
3.8165,-0.4841,-1.7031,-0.9644,-62.557,42.901,-82.046,25.79
3.8246,-0.5903,-0.7991,-1.0088,-11.817,-66.931,-212.214,25.94
3.8350,1.4429,1.1995,-1.3665,-56.336,-153.679,-183.389,25.65
3.8459,1.9999,1.4041,-1.7434,-107.710,32.107,-40.420,25.74
3.8559,0.3232,0.4255,-1.3130,-145.221,103.137,23.832,25.94
3.8658,0.0359,-0.1765,-1.2490,-122.267,8.221,-62.176,26.03
3.8764,0.3306,-0.3591,-1.3821,-117.450,-19.870,-22.328,26.18
3.8832,0.5750,-0.9172,-1.2163,-78.473,9.786,-80.313,26.03
3.9011,0.4458,-0.1150,-0.9016,-74.756,-1.603,-38.420,25.94
3.9074,0.4343,-0.0994,-0.9214,-78.626,6.466,-40.893,25.94
3.9143,0.4624,-0.1221,-0.9729,-75.969,0.771,-33.076,25.79
3.9336,0.2554,-0.0386,-0.9900,-77.908,0.473,-10.092,26.13
3.9368,0.3250,0.0869,-0.9270,-73.023,-17.588,-25.817,25.98
3.9479,0.4590,0.1055,-1.0823,-74.840,-2.458,1.260,25.94
3.9568,0.3596,0.0537,-1.1279,-74.038,4.794,13.649,26.18
3.9685,0.3113,-0.1406,-1.1619,-57.519,9.405,-16.511,26.13
3.9736,0.3035,-0.0291,-1.1565,-49.092,0.832,-1.771,26.13
3.9856,0.3430,-0.2310,-1.1421,-48.519,3.115,-4.794,26.27
3.9968,0.3318,-0.1704,-1.1326,-41.321,7.473,2.137,26.18
4.0072,0.2920,-0.2092,-1.0735,-36.847,6.450,-5.527,25.79
4.0168,0.3362,-0.1880,-1.0544,-33.947,-3.985,-17.481,25.84
4.0256,0.4634,-0.1003,-1.0935,-32.977,-8.275,-22.092,25.79
4.0374,0.4241,-0.0483,-1.0793,-33.542,-1.267,2.756,25.50
4.0488,0.4058,-0.1394,-1.0930,-33.389,0.779,-1.954,26.13
4.0577,0.3364,-0.0625,-1.1284,-35.321,-7.000,-3.229,25.84
4.0660,0.4131,-0.0852,-1.1292,-37.076,-0.359,-8.244,25.84
4.0766,0.3345,-0.0403,-1.0647,-38.527,0.794,2.145,25.79
4.0855,0.3462,-0.0439,-1.1257,-39.779,7.634,0.481,25.98
4.0947,0.2495,-0.0869,-1.0337,-41.107,6.443,1.496,26.03
4.1047,0.2664,-0.1404,-0.9329,-39.718,-9.878,-6.313,25.94
4.1173,0.4775,-0.0508,-1.0122,-36.687,-1.916,-7.855,25.65
4.1272,0.4099,-0.0181,-1.1201,-44.992,20.794,4.893,26.18
4.1370,0.2595,-0.0659,-1.0750,-47.756,19.275,5.328,25.84
4.1464,0.2380,-0.0745,-1.0564,-45.832,1.893,5.511,25.94
4.1563,0.3618,0.0063,-1.0327,-51.901,-6.069,-0.237,26.03
4.1638,0.4026,0.0029,-1.0527,-55.069,11.519,10.511,25.79
4.1729,0.3501,-0.0823,-1.0059,-57.328,12.481,15.351,25.94
4.1842,0.3198,-0.1138,-0.9661,-56.206,8.748,6.931,26.32
4.1956,0.3445,-0.1084,-0.9631,-55.031,5.511,0.977,25.74
4.2046,0.3835,-0.1143,-0.9692,-51.267,7.252,-8.382,25.41
4.2165,0.3398,-0.0193,-0.9722,-53.305,12.588,-10.817,26.27
4.2250,0.3345,-0.0242,-0.9531,-53.336,10.641,-10.336,26.13
4.2359,0.3643,0.0168,-0.9949,-50.939,13.122,-17.122,25.94
4.2505,0.3435,0.0483,-0.9844,-52.519,5.641,-16.084,25.94
4.2545,0.4124,0.0312,-0.9958,-51.962,6.298,-19.939,26.18
4.2708,0.3804,0.1658,-0.9919,-49.779,13.511,-16.290,25.94
4.2744,0.3560,0.1353,-0.9839,-51.702,9.473,-11.336,26.13
4.2849,0.3699,0.1084,-0.9922,-49.145,7.145,-15.557,26.03
4.2971,0.3835,0.1052,-1.0198,-51.366,8.397,-9.832,25.41
4.3069,0.4065,0.0281,-1.0269,-52.908,11.252,-13.458,25.98
4.3166,0.3901,0.0093,-1.0679,-52.931,16.198,-17.824,25.98
4.3272,0.3191,0.0063,-1.0027,-56.099,11.511,-18.901,26.13
4.3379,0.4019,-0.0039,-1.0510,-54.198,9.954,-36.702,26.03
4.3519,0.4431,0.0466,-1.0303,-60.573,8.130,-34.733,26.18
4.3566,0.4644,0.0125,-1.0325,-56.000,-2.168,-37.588,26.03
4.3681,0.4929,0.0300,-1.0859,-65.809,18.130,-37.702,25.31
4.3746,0.4666,0.0310,-1.1277,-65.084,17.336,-35.824,25.46
4.3898,0.3245,0.0720,-1.2031,-76.924,32.015,-33.855,25.84
4.3932,0.2522,0.0569,-1.2178,-77.298,24.588,-32.122,25.98
4.4029,0.2014,0.0757,-1.2849,-86.000,21.947,-32.573,26.13
4.4146,0.2830,0.1174,-1.3044,-93.924,6.061,-32.000,25.98
4.4267,0.5906,0.1060,-1.3218,-101.260,1.718,-27.382,26.27
4.4333,0.7300,0.0679,-1.3601,-110.160,21.275,-13.565,25.79
4.4464,0.6631,-0.0713,-1.4695,-121.374,46.084,-0.489,25.98
4.4563,0.5757,-0.2744,-1.5757,-129.015,57.992,11.397,25.94
4.4627,0.4827,-0.3765,-1.6201,-131.954,66.672,6.443,26.18
4.4760,0.4346,-0.6780,-1.6809,-138.053,67.061,17.328,26.18
4.4851,0.3677,-0.8462,-1.8767,-126.321,59.794,-17.527,26.13
4.4971,0.7083,-0.5488,-1.8489,-123.405,24.046,-43.962,25.94
4.5073,1.2053,-0.1951,-1.8499,-136.573,53.153,-15.023,25.98
4.5163,1.0623,-0.0093,-1.9216,-135.794,98.061,-9.855,26.13
4.5265,0.3589,-0.0029,-1.7705,-154.893,86.115,18.641,25.74
4.5336,0.3743,-0.0208,-1.8347,-143.458,51.656,-50.802,26.18
4.5465,0.6179,0.1084,-1.7068,-146.260,76.779,-22.275,26.18
4.5561,0.3015,0.0857,-1.7000,-150.160,110.695,2.023,25.79
4.5660,-0.3684,-0.3450,-1.2549,-104.573,100.626,-95.611,26.27
4.5809,-0.3994,-0.0925,-0.9092,-100.656,21.305,-47.504,25.74
4.5849,-0.1741,-0.7585,-0.9399,-84.992,-26.237,-70.260,25.98
4.6002,0.5649,-0.0186,-0.6230,-44.092,-34.618,-105.000,25.65
4.6054,0.6836,-0.0376,-0.5527,-49.763,5.771,-53.916,25.94
4.6151,0.3904,-0.0798,-0.4873,-35.260,52.496,-58.137,25.98
4.6252,-0.3054,0.9114,-0.4666,-34.718,43.542,-2.649,26.27
4.6350,-0.1665,-0.1873,-0.3774,-47.275,-45.985,32.611,26.03
4.6456,0.1511,-0.4387,-0.3967,-14.962,-34.733,21.420,26.32
4.6594,0.3411,-0.5945,-0.2297,-4.847,-6.832,90.015,26.03
4.6632,0.1868,-0.7864,-0.1592,18.366,10.618,84.878,25.94
4.6752,-0.1499,-0.6074,-0.0681,51.351,-31.107,89.672,25.98
4.6852,0.0127,-0.5212,-0.1235,75.328,-72.977,62.794,25.60
4.6967,0.4639,-0.4526,-0.2864,96.328,-69.336,53.084,26.27
4.7077,0.4771,-0.3391,-0.3469,103.511,-48.977,47.710,25.94
4.7138,0.1233,-0.2551,-0.4082,115.481,-34.939,68.947,26.13
4.7269,-0.0627,-0.2410,-0.4927,128.679,-68.595,35.137,25.98
4.7351,0.1406,-0.2161,-0.5757,146.168,-94.672,26.550,25.79
4.7447,0.2871,-0.1899,-0.6072,155.931,-92.962,36.992,25.94
4.7575,0.4202,-0.3237,-0.6597,170.130,-74.305,35.519,26.13
4.7651,0.3274,-0.3025,-0.6506,182.962,-68.733,40.053,25.79
4.7781,0.3118,-0.2219,-0.7769,200.588,-82.725,35.710,25.84
4.7906,0.3806,-0.1782,-0.8872,212.969,-82.244,43.336,26.18
4.7961,0.3779,-0.1299,-0.9836,219.947,-77.824,51.481,26.13
4.8029,0.3906,-0.1169,-1.0227,222.160,-75.519,52.481,26.13
4.8165,0.4819,-0.2261,-1.0996,234.359,-76.137,69.931,25.79
4.8268,0.5271,-0.0884,-1.1187,249.076,-75.939,73.977,25.98
4.8327,0.5881,-0.1111,-1.1746,250.130,-78.779,77.206,26.13
4.8492,0.6326,-0.1028,-1.3638,250.130,-64.542,95.908,25.98
4.8564,0.6187,-0.0244,-1.4004,250.130,-67.450,101.626,25.94
4.8631,0.6521,0.0005,-1.4468,250.130,-72.679,108.168,25.94
4.8778,0.7751,-0.0391,-1.5454,250.130,-64.359,121.511,26.13
4.8832,0.7112,-0.1304,-1.5476,250.130,-52.137,126.160,25.84
4.8976,0.6208,-0.2217,-1.6514,250.130,-54.748,124.817,25.98
4.9051,0.6116,-0.1150,-1.7222,250.130,-66.115,116.992,26.18
4.9182,0.6826,-0.0718,-1.8904,250.130,-69.237,100.389,25.74
4.9246,0.6331,0.1062,-1.9680,250.130,-72.107,100.168,26.46
4.9386,0.8201,0.0837,-2.0000,250.130,-98.733,78.412,25.65
4.9446,0.9907,0.5188,-2.0000,250.130,-93.046,39.290,25.79
4.9570,1.2336,0.9919,-2.0000,182.458,-17.038,78.366,25.50
4.9672,0.4934,-1.0813,-2.0000,226.947,-86.160,31.740,26.13
4.9781,0.9600,1.6133,-1.8577,224.725,-62.366,-115.176,26.18
4.9915,0.9380,1.0256,-1.5991,158.359,-18.489,88.573,26.27
4.9939,0.4648,1.2449,-1.1670,146.076,41.695,35.443,26.13
5.0029,-0.0154,0.9939,-0.9480,121.107,-13.870,90.664,26.03
5.0153,0.1877,1.7766,-0.9399,67.244,-59.015,89.954,25.79
5.0277,0.6890,1.1458,-1.0383,32.130,-57.527,44.466,26.03
5.0331,0.8325,1.3184,-1.0020,3.908,-14.489,66.969,25.94
5.0457,0.6145,1.1912,-1.0359,-35.405,-2.641,28.679,25.50
5.0553,0.6008,0.6836,-1.1147,-57.008,10.847,25.595,26.27
5.0626,0.5886,0.5923,-1.1118,-64.466,11.855,-54.511,25.79
5.0782,0.4185,0.6846,-1.0320,-88.618,14.863,-45.145,25.94
5.0848,0.3975,0.5344,-1.0691,-80.473,16.267,-96.183,25.94
5.0968,0.5078,0.4944,-1.2078,-101.168,8.611,-74.847,25.79
5.1038,0.3308,0.1650,-1.3157,-109.863,28.847,-96.359,25.98
5.1135,0.6487,-1.2942,-1.0911,-88.198,16.397,-61.031,25.84
5.1258,0.1370,-1.7649,-0.7302,-80.595,73.595,-70.267,25.94
5.1327,-0.0259,-2.0000,-0.6775,-37.710,30.664,-66.282,25.98
5.1497,0.3894,0.9351,-1.0037,49.412,-127.229,-250.137,26.27
5.1547,1.2070,1.3918,-1.4021,5.443,-143.901,-233.221,26.27
5.1651,1.7388,1.5728,-1.7234,-71.763,19.969,-152.969,25.79
5.1797,0.9465,0.0017,-1.5918,-136.191,58.534,8.824,25.98
5.1831,0.4641,-0.2639,-1.6726,-113.588,50.466,-64.916,25.60
5.1967,0.3806,-0.2402,-1.7361,-110.198,-28.328,-71.237,25.84
5.2039,0.3777,-0.2739,-1.5024,-98.511,-18.099,-93.763,25.79
5.2152,0.3430,-0.1082,-1.3354,-100.977,-30.542,-96.191,26.13
5.2284,0.6899,0.3457,-1.0608,-105.550,-11.878,-94.695,26.03
5.2344,0.6460,0.4089,-0.9954,-132.977,45.298,-0.603,25.79
5.2430,0.0684,0.1926,-0.8708,-124.015,36.221,18.473,25.94
5.2553,0.2700,0.0100,-0.9487,-114.542,-25.206,24.221,25.84
5.2695,0.6357,0.2083,-1.0493,-101.931,26.198,75.092,25.22
5.2809,0.3682,-0.0549,-0.9050,-102.267,39.649,87.069,26.27
5.2860,0.1184,-0.1680,-0.9187,-100.580,32.992,77.137,25.94
5.2975,0.1611,-0.5259,-1.1042,-84.542,7.710,34.534,25.84
5.3066,0.2935,-0.7407,-1.1030,-70.481,6.908,13.710,25.84
5.3142,0.2197,-0.5686,-1.1885,-52.221,22.641,-32.328,25.94
5.3303,0.2297,-0.3076,-0.9758,-33.092,-29.191,-77.359,25.98
5.3346,0.3228,-0.1733,-0.9788,-30.855,-41.992,-87.481,25.98
5.3482,0.7471,0.0608,-1.0701,-40.198,-7.786,-43.221,25.94
5.3555,0.5354,0.1016,-1.0374,-41.771,15.603,-24.305,25.98
5.3662,0.3010,0.1492,-1.0183,-43.702,5.573,-8.168,26.13
5.3768,0.2649,0.0667,-1.0098,-48.748,-7.176,-1.847,25.94
5.3835,0.3550,-0.0295,-1.0623,-48.290,-2.282,11.588,25.94
5.3977,0.3284,-0.0840,-1.0337,-41.947,1.847,16.824,25.84
5.4081,0.2886,-0.0891,-1.0681,-37.031,2.725,14.977,26.37
5.4153,0.3242,-0.0935,-1.0815,-32.893,-6.962,12.687,26.18
5.4246,0.3982,-0.0349,-1.0732,-30.237,-5.473,14.305,25.50
5.4339,0.3721,-0.0886,-1.1064,-30.252,1.038,10.206,25.94
5.4460,0.3042,-0.0837,-1.0986,-32.641,5.107,6.061,25.79
5.4623,0.2720,-0.1121,-1.0544,-32.298,-2.443,-4.405,26.03
5.4668,0.3105,-0.0642,-1.0664,-31.611,0.756,3.458,25.50
5.4767,0.3420,-0.0327,-1.0247,-36.618,2.260,1.672,25.84
5.4876,0.3020,-0.0540,-1.0078,-38.466,15.298,-0.137,25.84
5.5011,0.2991,-0.0005,-1.0161,-44.130,7.412,9.305,26.18
5.5035,0.2913,0.0120,-1.0449,-51.580,21.397,4.893,25.46
5.5150,0.2678,-0.0264,-0.9727,-52.336,3.969,11.382,25.84
5.5318,0.3086,-0.0459,-0.9917,-48.221,1.550,-5.267,25.98
5.5341,0.3220,-0.0374,-0.9844,-51.046,7.824,10.710,25.98
5.5461,0.2864,-0.0579,-0.9749,-50.626,13.840,-1.160,25.79
5.5593,0.2712,-0.1074,-0.9609,-47.298,8.924,-1.695,26.18
5.5642,0.2988,-0.0518,-0.9949,-43.985,10.076,-13.359,25.65
5.5769,0.3557,-0.0227,-0.9919,-45.504,8.603,-7.916,25.98
5.5848,0.3459,0.0012,-0.9753,-45.252,8.840,-21.397,25.98
5.5953,0.3857,0.0718,-0.9819,-44.336,3.634,-15.679,26.37
5.6048,0.4700,0.0771,-1.0300,-45.802,14.947,-20.954,25.79
5.6150,0.3369,0.1108,-1.0195,-47.702,24.359,-2.420,25.60
5.6275,0.3125,0.0718,-1.0376,-45.183,6.947,-14.366,25.79
5.6351,0.4138,0.0698,-1.0505,-47.931,7.389,-11.000,25.94
5.6463,0.4326,0.0735,-1.0996,-45.855,15.420,-12.359,25.98
5.6620,0.3733,0.0823,-1.1140,-51.511,13.763,-5.260,25.84
5.6696,0.3677,0.0422,-1.1155,-52.931,12.260,-9.000,25.98
5.6737,0.3823,0.0190,-1.0923,-51.397,3.992,-7.588,25.74
5.6831,0.4614,0.0222,-1.1355,-55.168,10.870,-8.115,25.98
5.6995,0.4182,-0.0581,-1.0833,-59.908,15.687,-17.550,26.13
5.7024,0.4336,-0.0520,-1.0835,-61.321,10.099,-19.901,25.79
5.7135,0.5500,-0.1001,-1.1169,-63.122,16.466,-26.038,26.03
5.7289,0.4954,-0.0796,-1.1238,-67.382,27.611,-30.229,26.03
5.7344,0.4211,-0.0840,-1.1252,-70.817,23.000,-41.908,26.13
5.7453,0.4631,-0.0632,-1.2114,-76.519,22.237,-46.176,25.94
5.7680,0.4268,0.0042,-1.3005,-84.092,38.817,-45.321,25.46
5.7872,0.3823,0.0090,-1.3718,-94.656,25.481,-47.992,25.65
5.7956,0.5479,0.0332,-1.4399,-108.305,23.344,-32.435,25.94
5.7980,0.6125,0.0552,-1.4792,-114.939,24.359,-33.565,25.94
5.8006,0.6519,0.0654,-1.4985,-126.634,37.687,-28.000,25.50
5.8091,0.7007,0.0330,-1.5378,-120.313,20.947,-23.092,25.98
5.8163,0.6338,-0.0962,-1.6848,-138.786,66.817,-2.458,25.84
5.8302,0.5042,-0.3796,-1.7527,-152.076,69.534,15.496,25.98
5.8329,0.4502,-0.7822,-1.8313,-148.824,69.328,-4.344,25.84
5.8469,0.6411,-0.7888,-1.7546,-132.008,56.237,-28.206,25.84
5.8549,0.6099,-0.5144,-1.6848,-130.092,59.084,-35.565,26.13
5.8628,0.6555,-0.4211,-1.6025,-132.672,63.794,4.000,26.32
5.8761,0.3569,-0.1189,-1.5977,-136.328,70.595,8.206,25.84
5.8855,0.3123,-0.1943,-1.5203,-142.664,76.069,24.305,26.03
5.8987,0.3601,0.7517,-1.6956,-133.656,25.321,-45.878,25.98
5.9067,0.7073,0.5286,-1.6780,-154.595,26.840,-10.504,25.79
5.9153,0.8076,0.1924,-1.6221,-149.756,74.672,-7.069,25.94
5.9231,0.3428,-0.0571,-1.6782,-153.534,126.527,15.924,26.18
5.9354,-0.1885,-0.2871,-1.1846,-120.359,95.901,-63.321,25.60
5.9501,-0.3037,-0.5547,-0.9419,-93.023,33.008,-35.962,25.98
5.9528,-0.2615,-0.6147,-0.8313,-75.733,16.038,-48.504,25.65
5.9658,-0.1702,-0.2913,-0.6301,-56.160,-26.405,-54.710,26.32
5.9750,0.2930,-0.1868,-0.4636,-30.855,-24.252,-91.038,25.94
5.9860,0.3508,0.1270,-0.4836,-14.145,23.947,-62.374,25.84
6.0009,-0.3481,0.9041,-0.3386,-30.626,10.275,24.092,25.98
6.0049,-0.3140,0.2866,-0.2793,-36.527,-40.366,54.939,26.27
6.0160,0.0020,-0.3606,-0.3872,-1.519,-23.450,4.824,25.84
6.0277,0.2122,-0.3086,-0.1589,-1.672,-40.573,66.160,25.84
6.0369,0.2300,-0.7625,-0.1096,36.641,3.496,58.092,25.98
6.0464,-0.0735,-0.5437,-0.0659,69.695,-37.099,66.031,26.27
6.0560,0.1433,-0.6526,-0.1829,96.420,-78.191,42.634,25.94
6.0663,0.6008,-0.3833,-0.3037,113.687,-51.679,46.580,26.13
6.0747,0.2561,-0.2727,-0.3394,123.847,-9.947,51.985,25.79
6.0841,-0.1001,-0.2239,-0.3286,127.664,-55.611,31.924,25.98
6.0941,-0.0747,-0.1252,-0.4736,146.878,-83.252,-1.382,25.79
6.1036,0.1245,-0.0891,-0.5195,152.176,-106.641,17.076,25.94
6.1150,0.3245,-0.1975,-0.6741,162.359,-82.733,26.389,26.13
6.1289,0.3193,-0.3147,-0.6812,170.985,-74.656,25.969,26.03
6.1347,0.2390,-0.3650,-0.7305,190.595,-81.824,11.962,25.84
6.1453,0.2183,-0.2693,-0.8398,206.374,-84.458,16.496,26.32
6.1578,0.2520,-0.2576,-0.9163,213.557,-92.473,27.763,25.79
6.1630,0.2798,-0.2263,-0.9839,221.405,-88.832,19.244,26.03
6.1733,0.3457,-0.1624,-1.0483,229.443,-89.992,32.786,25.79
6.1859,0.3723,-0.2451,-1.1289,237.221,-84.260,49.702,26.18
6.1999,0.5938,-0.1384,-1.2290,250.130,-97.267,53.740,25.46
6.2025,0.6523,-0.1108,-1.2927,250.130,-96.473,54.298,26.37
6.2195,0.6855,0.0237,-1.4041,250.130,-75.084,82.947,25.79
6.2245,0.6770,0.0151,-1.4976,250.130,-76.237,82.924,25.94
6.2376,0.7585,0.0349,-1.5862,250.130,-74.038,105.267,26.03
6.2442,0.7732,-0.0771,-1.6077,250.130,-63.878,122.863,25.84
6.2553,0.7598,-0.1201,-1.6792,250.130,-61.649,131.336,25.94
6.2699,0.7100,-0.2471,-1.7417,250.130,-57.351,132.397,26.37
6.2727,0.6875,-0.1826,-1.7432,250.130,-65.870,135.588,26.18
6.2853,0.6184,-0.1411,-1.8596,250.130,-55.053,147.076,26.18
6.2966,0.5911,-0.1074,-1.9636,250.130,-64.679,128.527,26.18
6.3066,0.6860,-0.1499,-2.0000,250.130,-97.550,130.282,25.65
6.3172,1.1089,0.7129,-2.0000,250.130,-86.969,-4.931,26.32
6.3264,1.1670,1.0823,-2.0000,194.328,-36.130,135.985,25.98
6.3349,0.4116,-1.3442,-2.0000,221.573,-70.443,102.198,25.84
6.3450,0.9055,0.4751,-1.7935,250.130,-99.931,-79.527,25.65
6.3548,1.1541,1.2678,-1.8276,169.412,-48.366,140.649,25.94
6.3656,0.1479,1.1096,-0.9377,120.397,37.405,137.885,26.27
6.3761,-0.0315,1.0212,-1.1941,98.389,-39.977,122.489,26.18
6.3862,0.2820,1.3804,-0.9326,74.023,-104.748,87.443,26.27
6.3974,1.2820,0.9409,-0.9153,19.382,-50.687,105.397,26.13
6.4054,1.1440,0.9424,-0.9160,6.443,2.702,103.779,25.74
6.4155,0.6819,0.5649,-0.9016,-27.947,21.122,63.664,25.79
6.4271,0.5046,0.1545,-0.9221,-42.298,4.802,-38.763,25.46
6.4331,0.5520,0.2244,-0.9744,-28.389,7.351,-65.771,25.41
6.4457,0.6904,0.5061,-0.9099,-40.298,-9.672,-111.763,26.46
6.4573,0.7617,0.5681,-0.9834,-42.137,13.893,-133.298,26.37
6.4629,0.5498,0.6060,-1.0105,-46.672,26.023,-128.672,25.46
6.4804,0.3291,0.6743,-0.9727,-52.664,9.000,-142.649,25.46
6.4915,0.3721,0.5488,-0.9688,-60.550,2.756,-151.344,25.98
6.4939,0.3760,0.1301,-1.2114,-71.275,40.412,-70.565,25.84
6.5036,-0.1084,-0.4458,-0.9209,-68.137,50.229,-134.863,26.18
6.5156,-0.3337,-1.2654,-1.2190,-63.328,101.580,-60.908,26.18
6.5273,-0.8623,-2.0000,-0.5991,-78.412,11.466,-6.137,25.46
6.5366,1.1011,-1.9768,-1.3008,54.153,-249.229,-243.137,25.41
6.5477,1.9999,1.9999,-1.7830,39.924,-15.443,-225.565,25.79
6.5583,1.1218,0.8733,-2.0000,-112.618,108.053,-15.160,25.98
6.5683,0.7861,-0.7961,-1.4016,-141.603,25.053,11.878,25.94
6.5794,0.7119,-0.9138,-1.6414,-109.840,15.023,-60.710,26.18
6.5862,0.1890,0.1262,-1.6108,-124.802,-7.679,-31.763,25.98
6.6005,0.2615,-0.8389,-1.3379,-91.221,-5.290,-109.389,25.94
6.6029,0.1028,-0.3352,-1.0427,-83.733,4.397,-148.916,25.94
6.6157,-0.0933,-0.0088,-0.9417,-75.176,-12.275,-125.595,25.79
6.6259,0.3726,0.7754,-0.9558,-100.160,-49.962,-81.794,25.60
6.6352,0.8271,0.7319,-1.0825,-132.802,6.885,-28.359,25.79
6.6457,0.6443,-0.1030,-1.0527,-109.122,62.351,10.305,26.13
6.6573,0.1628,0.2651,-0.9009,-100.481,12.122,37.374,25.98
6.6658,0.3474,0.1506,-1.0454,-103.931,0.550,62.863,26.03
6.6765,0.4404,0.0134,-1.1411,-97.450,4.641,69.084,26.18
6.6900,0.3254,-0.3123,-1.0527,-96.053,30.412,77.389,25.79
6.6923,0.2708,-0.3516,-1.0518,-103.489,39.366,61.450,25.74
6.7043,0.1206,-0.6555,-1.1846,-72.893,13.122,13.214,25.79
6.7132,0.1821,-0.5312,-1.0933,-50.458,-1.427,-2.954,25.94
6.7294,0.3569,-0.2197,-1.0151,-33.718,-14.427,-65.885,25.94
6.7328,0.3884,-0.0842,-1.0195,-28.382,-23.137,-56.908,25.46
6.7504,0.4111,0.0957,-1.0046,-37.366,-8.863,-33.863,25.98
6.7552,0.4133,0.0532,-1.0005,-31.794,-13.603,-22.519,25.98
6.7643,0.2883,0.0464,-0.9824,-35.969,0.519,-4.870,25.79
6.7812,0.3374,-0.1003,-1.0400,-37.916,-3.878,3.061,25.84
6.7855,0.3406,-0.1086,-1.0762,-30.160,-10.397,2.985,26.13
6.7946,0.3127,-0.0637,-1.0884,-31.351,-1.145,6.679,25.98
6.8081,0.3169,-0.0813,-1.0964,-29.351,-6.099,4.595,25.98
6.8180,0.3499,-0.0391,-1.1211,-30.817,-4.237,10.962,25.94
6.8229,0.3765,-0.1582,-1.0747,-24.786,-0.527,9.366,26.13
6.8373,0.3198,-0.1069,-1.0591,-25.939,-8.656,16.641,25.98
6.8467,0.3767,-0.0889,-1.1067,-24.893,-11.023,9.282,25.94
6.8538,0.3879,-0.0159,-1.1221,-28.489,-8.855,5.115,25.94
6.8627,0.3445,-0.0015,-1.1367,-33.756,-1.420,13.092,25.98
6.8766,0.3035,0.0029,-1.1035,-38.053,0.916,18.489,25.74
6.8864,0.2317,-0.0603,-1.0562,-44.511,10.595,20.908,25.84
6.8965,0.1018,-0.0366,-0.9387,-48.519,6.519,23.534,25.74
6.9093,0.1699,-0.1479,-0.9473,-50.107,-10.397,23.031,25.84
6.9163,0.2988,-0.0645,-0.9929,-49.130,-5.466,15.702,26.18
6.9303,0.3462,-0.0583,-0.9702,-56.977,-2.947,17.031,25.98
6.9329,0.3423,-0.1917,-1.0249,-53.733,12.107,11.969,25.98
6.9450,0.2378,-0.1025,-0.9763,-52.542,7.985,4.496,25.98
6.9604,0.2676,-0.1221,-0.9939,-54.649,-2.359,-1.756,25.94
6.9631,0.3350,-0.0977,-1.0107,-54.786,3.382,-11.939,26.13
6.9754,0.3882,-0.0776,-0.9861,-57.321,4.550,-3.359,25.79
6.9849,0.3149,-0.0383,-0.9517,-53.458,15.137,-14.328,25.94
6.9976,0.2751,-0.0754,-0.9675,-56.282,6.824,-20.916,25.94
7.0050,0.2820,-0.0239,-0.9690,-56.550,7.588,-19.206,25.94
7.0166,0.2966,-0.0156,-0.9822,-53.603,4.878,-25.725,25.31
7.0289,0.4604,0.1025,-1.0540,-57.023,-2.359,-41.565,25.98
7.0328,0.4746,0.0940,-1.0723,-53.183,14.893,-12.809,26.27
7.0460,0.2864,0.1531,-1.0586,-55.023,15.374,-15.939,25.94
7.0540,0.2976,0.0923,-1.0833,-55.878,12.137,-14.481,25.79
7.0647,0.3813,0.2092,-1.0825,-54.008,2.588,-22.878,26.13
7.0749,0.4399,0.1133,-1.1372,-57.924,6.321,-2.695,25.94
7.0847,0.3816,0.0984,-1.1057,-55.832,13.947,-13.366,25.98
7.0946,0.3462,0.0525,-1.0991,-58.321,9.000,-13.061,25.84
7.1044,0.3865,0.0774,-1.1125,-56.351,8.221,-17.076,26.27
7.1165,0.3701,0.0396,-1.0574,-59.443,14.038,-13.397,25.84
7.1256,0.3433,0.0476,-1.0720,-58.489,13.435,-21.809,25.84
7.1328,0.3679,0.0791,-1.0925,-61.458,13.137,-25.435,26.27
7.1468,0.4590,0.0803,-1.1426,-63.595,11.450,-24.344,25.79
7.1583,0.4712,0.0786,-1.2400,-70.183,26.458,-20.794,25.74
7.1627,0.4287,0.0513,-1.2671,-67.710,18.267,-19.763,25.60
7.1763,0.2683,0.0579,-1.2966,-78.870,34.092,-22.313,25.65
7.1864,0.2581,0.0959,-1.3074,-82.725,22.802,-26.336,25.94
7.1929,0.3464,0.1179,-1.3201,-88.008,23.489,-26.595,25.74
7.2045,0.4648,0.1025,-1.3706,-92.901,26.817,-17.412,25.84
7.2213,0.4858,0.1318,-1.3303,-98.702,27.885,-9.359,25.79
7.2237,0.5117,0.1401,-1.3103,-105.618,30.611,-10.595,25.98
7.2396,0.6357,0.1067,-1.3347,-105.107,25.198,-0.244,25.79
7.2436,0.7141,0.0659,-1.4226,-113.298,45.275,7.740,25.50
7.2530,0.6243,-0.0774,-1.4961,-118.382,68.809,19.206,25.74
7.2643,0.3457,-0.2144,-1.5127,-120.099,81.695,23.351,26.13
7.2788,0.2041,-0.4871,-1.5588,-120.611,57.206,3.893,25.79
7.2842,0.2502,-0.5769,-1.5962,-114.336,41.252,-8.611,25.84
7.2949,0.4580,-0.5168,-1.7546,-118.534,54.229,-13.740,25.84
7.3076,0.5479,-0.4856,-1.7476,-121.099,77.137,-16.733,25.98
7.3146,0.3735,-0.2393,-1.7202,-125.260,73.939,-2.878,25.79
7.3268,0.3464,0.0464,-1.7979,-113.275,53.588,-22.687,25.84
7.3353,0.5684,0.5806,-1.8923,-129.443,24.916,-35.557,25.50
7.3468,0.9297,0.2280,-1.7434,-160.069,71.313,20.832,26.32
7.3551,0.3940,-0.0579,-1.7354,-150.725,116.359,-26.305,25.98
7.3651,0.0442,-0.3193,-1.5872,-127.901,79.473,-28.366,25.50
7.3763,-0.0557,0.0964,-1.3582,-108.969,53.305,-90.153,25.50
7.3896,0.0466,-0.1218,-0.9814,-101.000,-0.878,-87.359,25.84
7.3939,0.3247,-0.2395,-0.9524,-84.565,-9.191,-99.710,25.79
7.4036,0.6147,0.1760,-0.7834,-68.344,3.489,-77.626,25.79
7.4151,0.6731,0.1042,-0.8442,-77.718,63.763,-4.183,25.84
7.4263,-0.1233,-0.0188,-0.5103,-60.595,64.893,5.450,25.98
7.4329,-0.3931,0.2139,-0.4429,-48.221,36.649,-30.832,25.79
7.4450,-0.2483,0.0649,-0.4045,-51.527,-51.702,1.870,25.84
7.4579,0.3547,-0.4509,-0.4316,-36.748,-55.557,16.328,25.84
7.4631,0.5562,-0.6304,-0.3879,-16.450,26.137,59.588,25.79
7.4763,-0.1467,-0.7937,-0.0505,26.519,19.794,86.519,26.27
7.4842,-0.3108,-0.6548,-0.0103,46.504,-20.374,29.328,25.84
7.4949,0.1580,-0.4089,-0.1465,80.191,-88.542,-24.718,26.13
7.5068,0.7786,-0.0918,-0.2419,76.802,-68.702,26.870,26.18
7.5129,0.4905,-0.2769,-0.2847,93.031,17.359,37.908,25.79
7.5297,-0.1489,-0.2739,-0.3828,110.069,-52.595,51.756,25.98
7.5333,-0.1345,-0.2322,-0.4131,125.702,-79.511,4.718,25.84
7.5467,0.2996,-0.0164,-0.4626,130.183,-99.267,7.053,26.03
7.5538,0.5391,-0.0654,-0.6196,139.481,-60.237,17.588,25.79
7.5696,0.0652,-0.0493,-0.5073,145.412,-52.076,35.252,25.84
7.5737,0.0920,-0.2715,-0.5999,160.046,-80.931,16.053,26.03
7.5848,0.3408,0.0049,-0.6902,177.267,-95.198,7.427,25.84
7.5956,0.5200,-0.0269,-0.8250,179.939,-65.031,29.466,25.60
7.6056,0.2664,-0.0525,-0.8799,187.565,-55.389,41.443,25.79
7.6147,0.2419,-0.1003,-0.9395,194.008,-65.908,38.718,25.79
7.6273,0.4243,-0.0339,-1.0151,202.863,-71.511,41.733,25.46
7.6405,0.4866,-0.0532,-1.0364,212.153,-62.603,52.282,25.60
7.6429,0.4905,-0.0471,-1.0698,223.290,-71.916,58.282,25.94
7.6534,0.4719,-0.0278,-1.1145,227.321,-67.305,59.878,25.65
7.6628,0.5693,0.0476,-1.1750,230.939,-80.282,74.550,26.03
7.6762,0.6946,0.0254,-1.2954,235.504,-67.405,80.061,25.74
7.6906,0.6616,0.0007,-1.3506,242.687,-56.863,83.405,25.84
7.6960,0.6211,0.0078,-1.3943,242.718,-54.260,89.183,25.65
7.7066,0.6289,-0.1472,-1.4597,247.550,-57.954,90.076,25.98
7.7187,0.5227,-0.1140,-1.5215,250.130,-58.107,86.198,25.27
7.7237,0.5298,-0.1792,-1.5781,250.130,-72.573,81.580,25.98
7.7330,0.5508,-0.0386,-1.6287,250.130,-69.817,56.069,25.94
7.7466,0.6138,-0.1492,-1.6870,250.130,-66.397,65.931,25.79
7.7560,0.5610,-0.0593,-1.6770,250.130,-66.947,59.443,25.98
7.7639,0.5481,0.0061,-1.7444,250.130,-72.305,57.282,26.27
7.7750,0.5735,0.0112,-1.8989,250.130,-75.160,48.420,25.46
7.7908,0.7507,0.4512,-2.0000,250.130,-83.542,34.099,25.65
7.7940,0.9604,0.5752,-2.0000,233.031,-76.618,48.763,25.79
7.8047,1.1238,0.5957,-2.0000,206.656,-41.351,53.008,25.79
7.8201,0.4824,-0.3169,-1.5322,138.237,-25.649,196.137,25.98
7.8248,0.4487,-0.7214,-1.9163,224.427,-73.756,57.084,26.32
7.8329,0.4167,1.3777,-1.4094,178.565,-29.557,8.160,26.13
7.8443,0.5400,0.3486,-1.3240,108.824,19.412,122.359,25.74
7.8548,-0.1274,0.9160,-0.9104,98.137,-29.565,82.244,25.98
7.8627,0.2366,0.9111,-1.0532,83.718,-74.817,36.122,25.94
7.8765,0.7686,1.3811,-1.0339,40.893,-63.924,65.282,25.79
7.8853,0.8928,1.0935,-1.0989,5.389,19.824,80.733,25.60
7.8933,0.3096,0.9268,-0.9622,-22.374,16.588,89.977,25.98
7.9136,0.5881,0.8313,-1.1165,-58.802,-3.008,33.420,25.74
7.9162,0.7551,0.3328,-1.0898,-66.763,20.305,54.092,25.94
7.9303,0.4150,0.5471,-1.1633,-51.847,60.466,-23.756,25.79
7.9338,0.2949,1.0107,-0.7500,-82.756,-30.450,-63.275,25.94
7.9452,0.9927,1.3826,-1.2732,-78.137,7.221,-149.053,25.94
7.9564,1.5776,-0.1902,-1.2332,-179.130,47.527,28.840,25.94
7.9650,0.9915,-2.0000,-1.2212,-153.748,213.015,38.137,25.94
7.9771,-0.5979,-2.0000,-0.8726,-89.924,173.763,7.847,26.13
7.9872,-1.2842,-1.5461,-1.2822,50.458,-49.366,-250.137,25.98
7.9961,0.0867,1.9999,-1.6313,-4.718,-250.137,-250.137,25.94
8.0041,1.9999,1.9973,-2.0000,-132.214,-44.344,-144.427,25.46
8.0132,1.5720,0.9163,-1.8367,-197.733,215.313,105.763,25.65
8.0277,-0.8994,-1.1565,-1.1580,-128.924,93.489,10.275,25.94
8.0345,-1.1257,-0.8037,-1.1372,-87.664,13.237,-79.038,25.84
8.0449,-0.7634,0.4202,-1.0452,-68.557,-107.305,-149.664,25.94
8.0597,1.3376,0.8940,-1.2590,-98.076,-108.260,-60.084,25.65
8.0673,1.7700,0.5229,-1.2473,-136.344,82.611,19.603,25.65
8.0733,0.8479,-0.3357,-1.0754,-132.008,150.046,97.870,25.50
8.0862,-0.4602,-0.1204,-0.8298,-95.748,22.252,35.351,26.03
8.0942,0.1562,-0.2083,-0.9778,-84.198,-52.260,15.969,25.84
8.1079,0.8691,0.0039,-1.0920,-88.756,15.733,55.000,25.50
8.1156,0.2085,-0.2961,-1.0786,-85.588,61.542,51.893,25.74
8.1255,-0.1372,-0.5339,-1.0479,-71.244,1.427,18.458,26.18
8.1375,0.2202,-0.5859,-1.0547,-57.153,-11.053,-17.672,25.74
8.1439,0.4290,-0.3894,-1.0420,-39.733,-10.863,-36.481,25.74
8.1572,0.4539,-0.1311,-1.0461,-33.496,-1.458,-44.824,25.79
8.1636,0.3621,-0.0518,-1.0864,-36.588,-0.489,-33.924,25.94
8.1765,0.3147,0.0740,-1.0881,-39.435,-0.244,-15.527,25.41
8.1852,0.3530,0.0178,-1.0139,-41.504,-2.832,-6.542,25.94
8.1946,0.4417,-0.0598,-1.0195,-43.221,0.458,6.771,25.98
8.2087,0.3269,-0.1643,-1.0576,-41.481,5.397,7.412,25.84
8.2152,0.2756,-0.1816,-1.0645,-35.565,-1.427,7.237,25.84
8.2278,0.3142,-0.1614,-1.1086,-36.458,6.748,-4.397,25.50
8.2400,0.3330,-0.0930,-1.1157,-32.511,4.489,-0.267,25.94
8.2441,0.3181,-0.0425,-1.0869,-38.832,13.176,5.061,25.98
8.2588,0.3596,-0.0461,-1.1116,-37.069,9.450,0.687,25.84
8.2685,0.3245,-0.0642,-1.0557,-37.702,9.168,12.344,26.27
8.2743,0.2876,-0.1050,-1.0327,-37.489,12.153,3.031,25.27
8.2854,0.2788,-0.0312,-0.9983,-41.511,12.298,13.115,25.84
8.3013,0.2971,-0.0752,-1.0332,-41.786,21.733,4.031,25.50
8.3101,0.1963,-0.0144,-0.9773,-49.000,9.176,9.305,26.13
8.3158,0.2351,-0.0850,-1.0283,-44.809,-4.939,4.122,25.94
8.3286,0.3503,-0.0583,-1.0598,-48.405,9.405,1.359,25.79
8.3330,0.3484,-0.0874,-1.0339,-43.740,8.229,8.687,25.98
8.3456,0.2441,-0.0347,-1.0413,-47.038,17.511,0.740,25.74
8.3581,0.2373,-0.0815,-0.9336,-49.802,2.000,-4.947,25.50
8.3638,0.3284,-0.1023,-0.9893,-45.260,3.672,-19.985,26.18
8.3756,0.3330,0.0227,-0.9919,-47.038,11.992,-14.802,25.79
8.3850,0.3135,-0.0039,-0.9717,-47.641,8.336,-25.313,26.03
8.3937,0.3452,0.0164,-0.9724,-47.618,5.267,-20.695,25.79
8.4039,0.4160,0.0459,-0.9692,-48.580,4.389,-22.198,26.03
8.4228,0.4751,-0.0168,-0.9998,-49.153,21.931,-15.489,25.94
8.4252,0.4031,0.0291,-0.9880,-45.290,12.107,-19.519,25.98
8.4366,0.3545,-0.0237,-0.9797,-52.069,16.313,-12.473,25.98
8.4428,0.4272,0.0422,-1.0315,-47.229,13.450,-27.740,25.74
8.4538,0.4485,0.0532,-1.0542,-49.817,14.511,-21.656,25.65
8.4627,0.4109,0.0735,-1.0593,-49.252,18.298,-23.405,25.94
8.4768,0.4216,0.0684,-1.1082,-49.458,18.710,-27.496,25.46
8.4871,0.3777,0.0432,-1.1021,-50.908,19.565,-25.931,25.79
8.4945,0.3914,0.0459,-1.0959,-49.870,14.168,-27.756,25.98
8.5047,0.4104,0.0547,-1.0857,-51.573,14.580,-26.198,25.46
8.5154,0.4319,0.0188,-1.0601,-55.740,13.092,-26.038,25.79
8.5254,0.5037,0.0117,-1.0828,-54.191,11.687,-30.015,25.79
8.5334,0.5203,0.0305,-1.0916,-58.282,22.389,-31.710,25.98
8.5450,0.4568,-0.0007,-1.1050,-60.542,22.557,-31.947,25.98
8.5549,0.4487,0.0139,-1.1221,-60.901,16.687,-38.786,25.94
8.5640,0.5276,0.0344,-1.1492,-65.542,15.061,-41.931,26.03
8.5763,0.5393,0.0293,-1.1965,-71.313,29.214,-37.672,25.98
8.5849,0.4839,0.0291,-1.2139,-76.305,37.977,-32.985,26.27
8.5962,0.3723,-0.0083,-1.2720,-81.053,35.053,-36.267,25.84
8.6099,0.3511,0.0837,-1.3093,-85.649,25.069,-38.557,25.94
8.6130,0.3967,0.1340,-1.3232,-85.840,8.351,-43.374,25.94
8.6293,0.5549,0.0349,-1.3826,-106.275,40.718,-20.534,26.03
8.6328,0.5225,0.0017,-1.3972,-105.725,38.160,-15.840,25.98
8.6439,0.4685,-0.1477,-1.4451,-119.519,50.084,-11.481,25.84
8.6567,0.5500,-0.4727,-1.5015,-128.672,50.664,-8.221,25.27
8.6627,0.6001,-0.5872,-1.5483,-122.733,65.053,-20.748,25.60
8.6762,0.4519,-0.3264,-1.5728,-130.069,51.962,-22.092,25.94
8.6858,0.7385,-0.4685,-1.6821,-131.443,59.115,-37.115,25.79
8.6930,0.7805,-0.3132,-1.7876,-141.679,81.565,-8.855,25.65
8.7032,0.6343,-0.7542,-1.8562,-136.679,99.313,17.351,25.84
8.7165,0.3135,-0.4299,-1.8062,-118.481,70.145,6.473,25.84
8.7260,0.3550,0.4475,-1.7048,-115.763,36.779,-47.427,26.03
8.7327,0.6895,0.5908,-1.6899,-132.802,25.298,-10.511,25.79
8.7464,0.9255,0.5254,-1.7305,-135.702,78.748,-21.237,25.27
8.7552,0.4663,0.4089,-1.6587,-150.076,123.359,-13.924,25.98
8.7712,-0.0396,-0.3850,-1.4175,-129.046,117.221,-13.130,25.79
8.7758,-0.2383,-0.3679,-1.1431,-104.870,75.321,-63.099,25.84
8.7858,-0.2144,-0.6589,-1.0254,-73.237,26.214,-83.344,25.84
8.7965,0.0439,-0.0542,-0.6335,-51.672,-21.145,-114.458,25.65
8.8039,0.4915,-0.1387,-0.7417,-49.099,-1.748,-97.817,25.74
8.8137,0.2690,-0.0396,-0.4631,-37.908,52.603,-21.031,25.98
8.8331,-0.4158,0.9187,-0.4990,-15.252,7.702,-33.802,25.94
8.8362,-0.3730,0.8821,-0.4990,-18.023,-28.511,-15.580,25.94
8.8453,0.0017,0.1719,-0.3599,-38.191,-55.748,9.191,25.79
8.8561,0.3877,-0.0645,-0.4565,-5.427,5.756,16.229,26.18
8.8629,0.1912,-0.1821,-0.2537,-1.542,18.695,80.427,26.32
8.8773,-0.0898,-0.5935,-0.1514,37.122,9.534,55.397,25.60
8.8912,-0.0212,-0.5347,-0.1343,71.374,-54.107,40.466,25.98
8.8951,0.1309,-0.3667,-0.2275,79.985,-58.183,0.557,25.84
8.9067,0.4019,-0.3499,-0.2642,84.931,-50.603,45.489,25.50
8.9157,0.1572,-0.4045,-0.2786,110.221,-8.344,51.519,25.84
8.9269,-0.2012,-0.3860,-0.3406,122.595,-38.023,31.542,25.94
8.9344,-0.2339,-0.3679,-0.4197,148.557,-80.885,-1.840,25.79
8.9448,-0.0334,-0.1440,-0.5232,164.603,-110.382,-27.885,25.46
8.9563,0.3613,-0.0156,-0.6394,165.947,-114.809,-27.977,25.46
8.9650,0.4956,-0.0928,-0.7158,168.298,-57.809,10.779,25.79
8.9753,0.2451,-0.2268,-0.6897,177.618,-52.321,30.420,25.60
8.9851,0.0815,-0.3088,-0.7244,194.031,-77.382,17.550,26.13
8.9970,0.2703,-0.2708,-0.7827,210.351,-97.924,14.435,25.79
9.0068,0.3989,-0.2729,-0.9019,218.137,-87.718,17.672,25.98
9.0130,0.3340,-0.1431,-0.9766,229.145,-73.718,25.832,25.50
9.0264,0.3030,-0.1877,-1.0945,236.023,-76.328,36.153,25.65
9.0406,0.4355,-0.1106,-1.1926,250.130,-83.305,38.115,25.74
9.0450,0.5491,-0.0623,-1.2195,250.130,-89.863,43.954,25.74
9.0547,0.6011,0.0117,-1.3616,250.130,-64.763,63.183,25.98
9.0632,0.5757,-0.1243,-1.4832,250.130,-65.580,80.198,25.98
9.0755,0.6033,-0.1499,-1.5769,250.130,-70.656,75.725,25.74
9.0855,0.7607,-0.0198,-1.6519,250.130,-71.260,91.412,25.84
9.0927,0.7932,-0.0090,-1.7178,250.130,-53.603,110.466,25.98
9.1067,0.6145,-0.0391,-1.6814,250.130,-48.588,127.122,25.84
9.1166,0.6040,-0.2256,-1.7271,250.130,-68.672,118.122,25.31
9.1255,0.6831,-0.0710,-1.7532,250.130,-58.305,127.015,25.79
9.1359,0.5864,-0.0291,-1.8425,250.130,-54.244,131.038,25.65
9.1449,0.5586,-0.0085,-1.9500,250.130,-61.595,122.229,25.98
9.1560,0.5544,0.0894,-2.0000,250.130,-85.099,104.435,25.74
9.1629,0.9458,0.4331,-2.0000,250.130,-110.328,54.351,25.98
9.1757,1.1404,0.8992,-2.0000,204.740,-29.237,70.969,26.13
9.1907,0.4548,-1.2263,-2.0000,235.832,-135.863,-45.336,25.60
9.1931,0.7153,-0.6794,-2.0000,249.840,-112.901,-155.046,26.18
9.2054,1.3772,1.7170,-1.5928,141.000,-59.634,162.443,26.18
9.2141,1.1396,0.8481,-1.4800,127.756,64.802,124.687,25.74
9.2228,-0.0032,1.3870,-1.0356,86.519,4.786,158.107,25.79
9.2326,0.0210,1.4082,-1.0251,65.977,-40.473,144.282,26.18
9.2471,0.8657,1.1372,-1.0134,17.130,-51.023,134.031,25.50
9.2564,0.9253,1.3381,-0.9868,-26.252,7.214,129.267,25.79
9.2650,0.6699,0.6719,-1.0024,-52.649,33.397,82.550,25.84
9.2895,0.6021,0.4888,-1.0806,-63.626,7.000,-10.252,25.74
9.2918,0.7593,0.5898,-0.9927,-83.802,-2.191,-22.282,25.50
9.2943,0.8123,0.4695,-1.0356,-90.252,13.015,-32.397,25.79
9.3091,0.5129,0.7083,-0.9377,-72.466,34.824,-90.038,25.74
9.3163,0.4885,0.5415,-1.0759,-83.099,5.527,-87.305,25.98
9.3250,0.4976,0.6995,-0.9294,-80.573,6.069,-121.435,25.84
9.3373,0.5479,0.6099,-0.9353,-93.924,14.160,-119.489,25.79
9.3511,0.4272,-0.7510,-1.0479,-110.336,40.511,-15.061,25.60
9.3537,0.2449,-1.4045,-0.7358,-98.061,50.282,-69.863,25.60
9.3667,0.0286,-2.0000,-0.6743,-74.221,73.771,-15.191,25.79
9.3800,0.5305,-2.0000,-0.8003,91.221,-31.863,-205.290,25.94
9.3833,0.7141,-1.0190,-1.0183,101.534,-43.916,-250.137,26.27
9.3996,1.1165,1.4619,-1.6497,22.847,-39.145,-86.511,26.03
9.4073,1.0276,1.9999,-1.8809,-81.107,-11.473,-97.954,25.84
9.4136,1.5168,-0.0007,-1.7090,-143.137,-6.275,47.435,26.18
9.4280,0.9780,0.0110,-1.8408,-92.473,72.771,-55.550,25.79
9.4414,-0.1973,-0.1326,-1.4832,-111.550,20.214,-41.573,25.65
9.4441,-0.2007,-0.3279,-1.3354,-102.366,-23.840,-43.450,25.27
9.4584,0.0356,0.0662,-1.3052,-89.832,-32.710,-108.137,25.84
9.4643,0.4673,0.0105,-1.1519,-119.939,6.191,-43.008,25.84
9.4752,0.2202,-0.0701,-0.7937,-125.687,40.534,-1.878,25.41
9.4885,-0.0149,0.0283,-1.0266,-118.573,33.458,-0.183,25.98
9.4941,0.0620,0.1125,-1.0339,-117.977,17.626,-2.267,25.79
9.5066,0.6082,-0.0256,-0.9624,-110.366,9.794,11.634,25.50
9.5153,0.8071,-0.0823,-0.9463,-99.611,55.840,24.550,25.22
9.5281,0.0925,-0.1543,-0.9424,-103.885,62.504,65.206,25.94
9.5396,0.1035,-0.4634,-1.1514,-78.046,-2.214,-13.863,25.74
9.5525,0.4478,-0.4392,-1.0974,-66.122,19.084,-28.427,25.74
9.5560,0.3992,-0.2939,-1.1152,-54.137,29.893,-32.321,25.94
9.5658,0.2710,-0.2332,-1.0300,-57.328,15.908,-47.840,25.79
9.5800,0.4065,-0.1226,-1.0332,-50.160,-5.672,-57.221,25.50
9.5891,0.5039,-0.0742,-1.0854,-45.221,-11.534,-45.031,25.79
9.5990,0.4602,-0.0491,-1.0483,-46.527,17.802,-19.603,26.13
9.6095,0.3018,0.0452,-1.0090,-45.756,11.076,-13.450,25.98
9.6175,0.3147,0.0439,-1.0110,-47.244,0.954,-16.847,25.98
9.6249,0.3984,-0.0334,-1.0088,-49.336,6.397,-9.542,25.74
9.6375,0.3503,-0.0591,-1.0144,-49.069,14.672,-0.573,25.94
9.6446,0.2910,-0.0830,-1.0068,-45.885,9.847,-4.626,25.98
9.6550,0.3662,-0.0601,-1.0610,-44.031,0.046,-3.107,25.27
9.6655,0.4084,-0.0581,-1.0420,-41.748,6.298,-2.511,25.94
9.6782,0.3342,-0.0679,-1.0698,-37.802,3.977,1.076,25.98
9.6852,0.3403,-0.0195,-1.0713,-34.137,-1.214,-4.901,26.03
9.6952,0.3323,-0.0012,-1.0532,-35.702,2.756,7.641,25.65
9.7137,0.4038,0.0837,-1.0442,-41.580,-1.359,14.023,25.98
9.7163,0.4280,0.0657,-1.0508,-39.740,-4.122,21.290,26.03
9.7364,0.3447,0.0132,-1.0515,-42.405,2.061,29.466,25.65
9.7466,0.3430,-0.0176,-1.0200,-40.725,-0.878,26.237,25.46
9.7502,0.3628,-0.0244,-1.0466,-37.679,-5.115,24.053,25.79
9.7588,0.3767,-0.0171,-0.9902,-36.191,-2.328,18.786,25.74
9.7646,0.2915,-0.0098,-1.0466,-42.374,9.031,30.802,25.98
9.7777,0.3633,-0.0330,-1.0283,-46.672,7.069,18.756,25.79
9.7884,0.3438,-0.0781,-0.9741,-47.427,19.351,16.374,26.18
9.7972,0.2424,-0.0559,-0.9465,-47.733,21.000,13.954,25.84
9.8095,0.1992,-0.0647,-0.9392,-46.695,14.267,6.412,25.98
9.8154,0.2322,-0.0535,-0.9639,-44.687,10.779,-0.511,25.65
9.8268,0.3337,0.0100,-0.9631,-45.244,3.786,-7.260,26.27
9.8412,0.3699,0.0300,-0.9844,-45.351,15.305,-10.695,26.18
9.8457,0.3181,-0.0139,-0.9744,-43.198,10.504,-14.122,25.74
9.8574,0.2607,-0.0532,-0.9810,-42.031,9.038,-29.702,26.32
9.8631,0.3149,-0.0022,-0.9827,-40.870,3.092,-30.237,25.84
9.8752,0.4114,0.0234,-1.0200,-38.344,15.198,-37.359,25.84
9.8852,0.3413,0.0913,-1.0073,-38.099,15.305,-35.481,25.84
9.8952,0.3713,0.1001,-1.0100,-36.344,10.389,-42.565,25.65
9.9045,0.4294,0.1553,-1.0120,-36.206,13.947,-38.076,25.98
9.9134,0.4292,0.1802,-1.0391,-36.427,19.885,-36.847,25.79
9.9271,0.3586,0.1702,-1.0171,-36.130,14.954,-33.893,25.84
9.9346,0.4412,0.1516,-1.0320,-36.748,9.855,-28.015,26.13
9.9440,0.4463,0.1089,-1.0369,-35.985,16.672,-28.756,26.03
9.9598,0.4744,0.1089,-1.1089,-41.382,27.779,-28.527,25.65
9.9649,0.4319,0.0840,-1.0723,-45.870,35.794,-22.214,26.03
9.9753,0.2947,0.0930,-1.0920,-43.359,20.176,-38.168,25.79
9.9886,0.4521,0.0637,-1.1311,-47.374,12.947,-38.176,25.94
9.9950,0.5168,0.1101,-1.1252,-49.817,21.771,-35.496,25.74
10.0086,0.5093,0.0178,-1.1018,-51.481,22.580,-31.924,25.94
10.0147,0.5415,0.0652,-1.1160,-50.313,15.160,-43.634,25.79
10.0259,0.5603,0.0867,-1.1611,-59.015,32.496,-36.267,25.94
10.0398,0.3870,0.0720,-1.2041,-64.870,40.336,-33.282,25.98
10.0432,0.3611,0.0708,-1.2280,-62.855,29.702,-38.244,26.27
10.0576,0.3242,0.1641,-1.2673,-70.282,24.214,-39.534,26.18
10.0629,0.4414,0.1670,-1.2966,-72.427,18.626,-30.748,26.13
10.0763,0.6072,0.1519,-1.3489,-80.023,26.977,-24.061,25.46
10.0861,0.6667,0.1089,-1.4094,-84.893,40.023,-18.427,25.98
10.0957,0.6157,0.0403,-1.4807,-93.756,63.145,-11.053,25.65
10.1068,0.3940,-0.1055,-1.5215,-101.580,73.794,0.321,25.46
10.1169,0.2922,-0.2620,-1.6008,-107.214,64.786,-7.947,26.18
10.1245,0.3315,-0.4290,-1.7261,-113.099,54.664,-13.626,25.65
10.1342,0.5576,-0.7048,-1.8442,-113.252,51.511,-31.412,25.84
10.1435,0.4722,-0.6733,-1.8735,-111.221,96.435,-39.885,26.13
10.1574,0.3252,-0.6399,-1.6582,-117.183,34.611,-57.374,25.98
10.1687,0.5852,-0.4167,-1.6960,-101.733,27.595,-59.382,25.60
10.1763,0.7026,0.1570,-1.8560,-128.405,66.649,-30.939,25.98
10.1887,0.4084,0.1177,-1.7458,-120.695,87.878,-5.076,25.84
10.1954,0.4771,0.6309,-1.8176,-139.076,32.450,-42.687,26.03
10.2039,0.7761,0.5027,-1.9082,-149.221,60.183,-33.748,25.94
10.2232,-0.0366,-0.1311,-1.3638,-140.038,108.145,31.023,25.94
10.2256,-0.1265,-0.2639,-1.2986,-139.611,117.351,17.496,25.74
10.2347,-0.2378,-0.5969,-0.9775,-112.695,48.000,-31.733,25.84
10.2484,-0.1162,-0.5999,-0.8496,-75.153,12.053,-78.748,25.84
10.2631,0.2195,-0.4153,-0.6145,-49.107,2.573,-61.603,25.74
10.2684,0.2410,-0.3738,-0.4783,-43.786,10.252,-71.260,25.94
10.2765,0.1172,-0.2417,-0.3694,-19.122,26.595,-24.916,25.79
10.2829,-0.1536,0.3838,-0.4224,4.771,20.130,-94.947,25.27
10.2988,0.3945,0.6050,-0.3281,-34.389,-72.176,-4.023,25.84
10.3027,0.6899,-0.2246,-0.5740,-25.092,-10.389,36.733,25.94
10.3128,0.1929,-0.1575,-0.3093,-0.168,46.321,47.412,25.79
10.3268,-0.0908,-0.6116,-0.1658,16.008,4.962,68.527,26.13
10.3400,-0.0818,-0.6030,-0.0911,70.168,-53.015,4.504,25.94
10.3426,0.0710,-0.5618,-0.0776,82.969,-80.779,-5.779,26.03
10.3594,0.2998,-0.3416,-0.2363,110.603,-25.412,29.153,25.94
10.3631,0.2263,-0.4106,-0.2729,113.748,-24.176,25.137,25.94
10.3747,-0.1062,-0.3081,-0.3330,138.611,-36.718,-12.969,25.74
10.3889,-0.0920,-0.2805,-0.4778,158.084,-79.664,-31.519,25.94
10.3926,0.0195,-0.2153,-0.5291,171.061,-95.000,-54.641,25.94
10.4067,0.3037,-0.0618,-0.6487,179.611,-80.947,-38.366,26.03
10.4220,0.3708,-0.2156,-0.7253,191.542,-54.183,-23.954,25.98
10.4261,0.2603,-0.1958,-0.7832,202.931,-37.229,-17.244,25.98
10.4363,0.0972,-0.1643,-0.7646,205.763,-58.481,-25.687,25.65
10.4432,0.2568,-0.2766,-0.8640,229.656,-66.786,-21.351,25.94
10.4570,0.2983,-0.1836,-0.9478,236.809,-57.756,-1.046,25.98
10.4630,0.2903,-0.1936,-1.0344,242.779,-46.061,2.435,25.94
10.4805,0.2158,-0.0933,-1.1401,250.130,-59.412,18.366,25.65
10.4853,0.3032,-0.1174,-1.1946,250.130,-72.359,17.962,25.84
10.4929,0.4504,0.0171,-1.2581,250.130,-60.168,26.412,25.50
10.5100,0.5972,0.0288,-1.4958,250.130,-38.878,49.153,25.31
10.5157,0.5317,0.0542,-1.5332,250.130,-43.672,68.473,26.18
10.5261,0.4629,-0.1272,-1.6638,250.130,-47.084,72.618,25.94
10.5335,0.5352,-0.0120,-1.7014,250.130,-53.565,62.740,25.79
10.5431,0.6411,0.0146,-1.7405,250.130,-48.542,95.023,25.79
10.5609,0.4214,-0.0376,-1.7056,250.130,-44.168,107.809,25.84
10.5679,0.4128,-0.0581,-1.7231,250.130,-34.756,107.115,26.03
10.5747,0.4661,0.0344,-1.7373,250.130,-52.626,104.779,25.74
10.5875,0.4492,0.0569,-1.8538,250.130,-46.046,105.313,25.98
10.5972,0.4844,0.0408,-1.9719,250.130,-71.061,113.542,25.84
10.6082,0.6125,0.2375,-2.0000,250.130,-83.145,68.405,26.03
10.6181,0.8333,0.6467,-2.0000,237.962,-60.015,76.557,25.84
10.6251,0.8552,0.4395,-2.0000,211.344,-52.656,108.947,25.74
10.6388,0.6121,0.0315,-1.8884,158.435,-78.710,207.427,25.79
10.6447,0.8140,-0.7942,-2.0000,224.763,-126.542,69.573,25.74
10.6555,0.7939,1.5454,-1.2417,140.794,-39.519,197.145,25.94
10.6629,0.5706,0.2878,-1.3457,107.008,19.893,159.924,25.65
10.6750,-0.0066,0.8162,-1.0393,101.389,-35.473,125.206,25.94
10.6890,0.4656,0.7183,-0.9844,82.214,-81.924,98.275,26.03
10.6954,0.8420,1.0151,-0.8821,51.527,-45.397,74.603,25.98
10.7059,0.6792,0.7617,-0.9043,15.008,0.275,95.542,25.74
10.7165,0.5432,0.6824,-0.8906,-3.656,-13.794,25.870,25.98
10.7230,0.7412,0.3416,-0.9949,-15.107,-6.153,28.015,26.13
10.7344,0.5466,0.4819,-0.9729,-19.214,26.260,-26.031,25.74
10.7465,0.4292,0.4194,-0.9919,-39.252,-0.954,-35.656,25.79
10.7611,0.5273,0.6660,-0.9824,-45.885,-11.763,-97.603,25.98
10.7635,0.6021,0.6885,-1.0251,-56.397,-1.947,-98.420,26.03
10.7773,0.5532,0.5942,-0.9902,-62.313,4.092,-104.427,25.74
10.7847,0.4785,0.4133,-0.9788,-64.954,1.450,-104.015,25.84
10.7930,0.5015,0.3384,-1.0295,-72.107,2.450,-118.969,25.94
10.8071,0.1021,-0.3303,-0.9131,-65.664,23.252,-124.878,25.74
10.8145,0.3423,-0.5059,-0.8538,-57.534,-22.122,-124.969,25.79
10.8243,0.6804,-0.8120,-0.7908,-56.840,16.634,-109.137,25.74
10.8388,0.8416,-1.7871,-0.9399,-26.550,67.534,-93.557,25.94
10.8452,0.2656,-0.9368,-0.8831,7.878,39.145,-143.244,25.94
10.8558,0.3899,0.4580,-1.3245,10.435,-76.656,-213.481,25.60
10.8627,1.3059,1.4377,-1.7551,-42.053,-72.115,-166.924,25.84
10.8752,1.6138,0.4307,-1.8877,-126.000,31.122,-8.145,25.94
10.8852,0.7285,0.1223,-1.9373,-123.977,68.214,-30.206,26.03
10.8960,0.2561,-0.3777,-1.6375,-125.870,-12.198,-22.420,25.79
10.9087,0.4871,-0.6790,-1.2993,-100.992,-22.962,-64.870,25.98
10.9147,0.1165,-0.0046,-0.9895,-90.183,2.382,-58.183,25.94
10.9287,-0.0269,0.2078,-1.0015,-90.305,-7.901,-72.244,26.18
10.9390,0.1199,0.5842,-1.0569,-115.145,-15.969,-29.344,25.74
10.9448,0.4250,0.2153,-1.2070,-123.298,1.977,-26.359,25.74
10.9556,0.6177,-0.2158,-1.0386,-111.107,18.519,14.008,25.84
10.9664,0.5815,-0.0422,-0.9768,-85.489,37.328,11.107,25.79
10.9743,0.3608,0.2012,-1.0403,-88.023,39.489,51.084,25.74
10.9859,0.1287,-0.2700,-1.0564,-85.130,12.527,39.618,25.94
10.9969,0.2744,-0.3967,-1.0356,-79.443,7.924,34.939,25.98
11.0113,0.3569,-0.5996,-0.9421,-63.405,5.718,1.191,25.98
11.0158,0.3247,-0.5652,-0.9905,-55.786,-1.466,-11.679,26.13
11.0266,0.3862,-0.3442,-1.0042,-44.649,-6.794,-29.168,25.84
11.0349,0.3264,-0.1294,-1.0396,-38.786,-13.008,-42.267,25.79
11.0445,0.4873,0.0027,-1.0464,-42.305,-23.779,-34.282,25.98
11.0596,0.4116,-0.0159,-1.0156,-46.664,0.458,-9.962,25.50
11.0644,0.3591,-0.0288,-0.9841,-49.748,1.718,-4.855,25.94
11.0764,0.1936,-0.0251,-0.9668,-47.282,-12.519,-2.321,25.84
11.0840,0.2952,-0.0986,-0.9924,-48.198,-19.038,-2.076,25.79
11.0945,0.4192,-0.0823,-1.0571,-45.840,-7.557,8.099,25.94
11.1059,0.2913,-0.0962,-1.0779,-44.382,2.260,10.794,25.74
11.1158,0.1904,-0.0598,-1.0908,-43.069,-5.305,11.962,26.03
11.1231,0.3225,-0.0833,-1.1125,-40.832,-13.947,5.863,25.84
11.1336,0.4238,-0.1079,-1.0901,-40.359,-4.076,14.099,26.32
11.1431,0.2993,-0.0471,-1.0752,-38.359,-4.794,8.397,26.03
11.1568,0.3667,-0.0664,-1.0625,-35.168,-13.053,9.740,25.94
11.1630,0.4536,-0.0388,-1.1016,-36.412,-6.626,10.160,26.13
11.1760,0.2280,-0.0598,-1.0947,-38.466,9.267,13.260,25.94
11.1901,0.2034,-0.0635,-0.9978,-40.702,-4.588,11.565,25.65
11.1936,0.2212,-0.0337,-1.0269,-41.328,-7.061,15.267,25.98
11.2066,0.4387,0.0898,-1.0303,-44.618,-3.183,11.740,25.60
11.2147,0.4368,0.0222,-1.0122,-51.397,11.893,27.374,25.94
11.2240,0.2634,-0.0037,-1.0217,-51.366,27.870,22.061,25.74
11.2397,0.1738,-0.1096,-1.0383,-48.076,0.076,10.870,25.84
11.2468,0.3154,-0.0591,-0.9729,-48.099,-1.328,13.618,26.03
11.2601,0.3330,-0.1040,-1.0203,-45.427,19.427,9.443,25.84
11.2727,0.3159,-0.0610,-1.0864,-45.412,11.137,1.237,25.74
11.2792,0.1853,-0.0283,-0.9868,-50.099,5.458,-3.015,25.98
11.2902,0.3379,-0.1167,-1.0347,-46.344,1.656,-13.405,25.79
11.2949,0.3938,0.0125,-1.0266,-45.321,5.580,-16.695,25.84
11.3069,0.3511,-0.0200,-1.0505,-43.832,13.298,-16.489,25.94
11.3135,0.3240,-0.0229,-0.9675,-43.626,1.183,-13.550,25.94
11.3269,0.4036,0.0051,-1.0293,-41.137,-1.130,-22.374,25.84
11.3373,0.4119,0.0232,-1.0037,-42.466,3.435,-20.695,26.03
11.3441,0.3767,-0.0017,-0.9915,-42.672,8.588,-18.046,25.94
11.3576,0.3345,0.0564,-1.0405,-40.435,12.214,-30.260,25.65
11.3626,0.2627,0.0889,-0.9976,-43.282,11.359,-22.450,25.79
11.3780,0.2266,0.1111,-0.9927,-40.817,1.076,-30.634,25.79
11.3892,0.3413,0.1531,-1.0098,-41.786,3.931,-27.977,25.50
11.3930,0.3293,0.1655,-0.9854,-39.947,0.183,-20.603,25.31
11.4055,0.3608,0.1421,-0.9751,-43.954,-3.855,-17.969,25.31
11.4174,0.4456,0.1592,-0.9883,-46.489,2.542,-11.489,25.31
11.4229,0.4475,0.1345,-0.9995,-45.351,0.122,-8.496,25.94
11.4330,0.4146,0.1086,-1.0176,-48.962,9.053,-10.626,25.50
11.4481,0.4136,0.1145,-1.0520,-51.427,10.809,-11.282,25.60
11.4542,0.3962,0.0549,-1.0256,-52.153,16.206,-8.115,25.65
11.4630,0.3206,0.0906,-1.0518,-51.550,16.969,-17.626,25.84
11.4768,0.3115,0.0845,-1.0981,-53.298,15.794,-20.931,25.84
11.4893,0.2964,0.1089,-1.0913,-55.198,14.427,-20.908,25.79
11.4947,0.3418,0.0774,-1.1299,-56.656,11.252,-29.084,25.60
11.5045,0.4124,0.1084,-1.1377,-61.374,11.710,-27.511,25.74
11.5168,0.4453,0.0588,-1.1831,-63.374,22.282,-25.115,25.98
11.5261,0.3845,0.0608,-1.1833,-68.878,23.542,-25.527,25.46
11.5364,0.3701,0.0415,-1.2122,-69.916,22.145,-31.481,25.98
11.5434,0.3779,0.1421,-1.2139,-73.160,23.527,-34.595,25.98
11.5586,0.4702,0.1899,-1.2446,-82.740,22.321,-23.137,26.18
11.5679,0.4773,0.2012,-1.2493,-83.267,15.481,-20.832,25.84
11.5820,0.5461,0.1125,-1.2849,-98.336,18.321,-9.718,25.94
11.5925,0.6277,0.1001,-1.3110,-98.687,11.206,-8.435,25.79
11.5980,0.7051,-0.0020,-1.4353,-116.305,44.168,11.382,25.84
11.6072,0.5537,-0.1956,-1.5859,-124.359,67.664,11.626,25.98
11.6245,0.4094,-0.4827,-1.6533,-126.603,46.427,-5.710,25.74
11.6270,0.4648,-0.4788,-1.6926,-125.168,29.962,-21.183,25.65
11.6380,0.7629,-0.6860,-1.7671,-127.656,53.611,-15.672,25.98
11.6444,0.7190,-0.6333,-1.8079,-132.359,81.687,-28.069,26.03
11.6583,0.4590,-0.5647,-1.6909,-124.305,74.992,-53.420,25.79
11.6626,0.4824,-0.3369,-1.6221,-123.939,50.985,-38.649,25.98
11.6753,0.7126,-0.3328,-1.7280,-119.817,71.191,-42.786,25.74
11.6884,0.2766,0.3557,-1.7920,-115.412,74.076,-65.748,25.84
11.6930,0.2815,0.5103,-1.7400,-114.427,37.695,-88.947,26.13
11.7062,0.6995,0.4529,-1.8198,-133.634,56.901,-78.275,25.50
11.7141,0.5020,0.4060,-1.6296,-130.687,79.076,-63.359,25.84
11.7232,0.1309,0.1724,-1.3845,-117.023,99.023,-68.053,26.03
11.7395,0.0288,-0.4941,-1.0371,-99.435,31.183,-66.870,25.84
11.7455,0.0933,-0.5132,-0.9880,-91.504,29.076,-98.282,25.60
11.7575,0.4421,-0.2219,-0.6807,-74.725,33.542,-62.115,25.98
11.7654,0.2234,-0.2661,-0.5608,-47.702,79.573,-36.168,25.79
11.7741,-0.2124,-0.3181,-0.3809,-25.695,55.985,-13.504,25.50
11.7865,-0.4707,0.3611,-0.4036,11.466,16.137,-100.870,26.32
11.7927,-0.4241,0.9500,-0.3486,1.489,-51.817,-68.107,25.94
11.8056,0.6382,0.2542,-0.5210,-31.977,-57.618,15.748,25.84
11.8155,0.6921,-0.2231,-0.5464,-16.298,57.008,37.122,25.74
11.8226,0.0486,-0.3130,-0.2754,-7.336,78.290,81.221,25.94
11.8362,-0.4072,-0.6389,-0.1272,34.969,3.641,58.740,26.18
11.8459,-0.1768,-0.5232,-0.1499,71.740,-69.000,-4.344,25.65
11.8551,0.7273,-0.1135,-0.3035,82.595,-60.290,24.252,25.79
11.8690,0.4475,-0.3474,-0.3438,98.588,27.145,42.855,25.60
11.8807,-0.0432,-0.2324,-0.2292,112.817,4.405,51.420,25.84
11.8862,-0.1960,-0.3088,-0.3696,130.580,-59.198,5.916,25.79
11.8974,0.3459,0.0256,-0.4192,139.389,-91.969,10.733,25.84
11.9038,0.7256,-0.0317,-0.6257,147.672,-18.321,30.855,25.60
11.9164,0.0630,-0.2019,-0.4700,154.389,-25.702,61.779,25.98
11.9267,0.0503,-0.1565,-0.5308,176.168,-67.519,23.405,25.84
11.9366,0.4373,-0.0991,-0.6655,185.443,-71.611,36.611,25.79
11.9464,0.4116,0.0371,-0.7322,193.313,-41.595,53.672,25.79
11.9551,0.3616,-0.0935,-0.8176,194.634,-45.359,64.542,26.03
11.9661,0.2969,-0.0615,-0.8589,201.885,-41.237,63.580,25.50
11.9729,0.3613,-0.0947,-0.9082,205.931,-53.954,78.740,25.94
11.9876,0.4512,-0.0894,-0.9854,213.588,-47.649,73.099,25.60
11.9926,0.5222,-0.2202,-1.0591,220.702,-45.832,83.863,25.84
12.0055,0.5386,-0.1665,-1.1157,235.588,-48.076,73.985,25.65
12.0152,0.6387,-0.0979,-1.1958,241.122,-57.344,81.519,25.94
12.0242,0.7078,-0.0518,-1.3054,246.122,-53.939,85.252,25.79
12.0344,0.7178,-0.1074,-1.4265,249.550,-47.160,92.290,25.31
12.0491,0.5776,-0.1741,-1.4832,250.130,-43.740,94.771,25.50
12.0562,0.5461,-0.0615,-1.5173,250.130,-61.366,105.817,25.79
12.0673,0.6221,0.0093,-1.5786,250.130,-56.504,91.939,25.50
12.0755,0.6411,0.0312,-1.5586,250.130,-57.145,120.588,26.13
12.0903,0.5791,0.0840,-1.6147,250.130,-60.313,128.313,25.94
12.0927,0.5793,0.0454,-1.6086,250.130,-73.733,136.947,25.79
12.1056,0.5762,-0.0112,-1.6641,250.130,-70.176,132.626,25.84
12.1203,0.6436,0.1499,-1.8760,250.130,-71.130,133.786,25.94
12.1230,0.6685,0.0671,-1.9131,250.130,-79.260,148.183,25.84
12.1381,0.9541,0.2502,-2.0000,246.595,-73.634,93.786,26.03
12.1480,0.9771,0.4663,-2.0000,224.771,-70.099,120.611,26.32
12.1533,1.2795,0.8433,-2.0000,179.916,-47.626,89.221,25.98
12.1634,0.9766,-0.9097,-2.0000,216.221,-65.443,170.550,25.98
12.1768,0.6865,1.3206,-1.2183,195.458,-30.901,108.786,25.60
12.1870,0.3467,0.3025,-1.2766,158.542,-5.260,114.412,25.50
12.1927,0.1636,0.8984,-1.0259,156.359,-42.382,11.931,26.18
12.2060,0.4050,1.6873,-1.1428,106.618,-73.863,51.679,25.84
12.2160,0.8875,1.9062,-1.1313,61.611,-47.252,68.786,25.50
12.2229,0.6484,1.9385,-0.8713,17.191,-28.519,65.878,25.41
12.2396,0.7622,1.0881,-1.0352,-44.031,26.595,53.527,25.74
12.2429,0.6270,0.7976,-1.0239,-51.763,35.382,74.878,25.84
12.2609,0.2998,0.5940,-1.0974,-82.389,39.626,-20.985,26.27
12.2689,0.3589,0.4358,-1.0601,-84.641,20.550,-74.947,25.94
12.2805,0.5527,0.6174,-1.1108,-90.962,11.511,-109.611,26.18
12.2852,0.5564,0.4695,-1.2427,-90.137,23.229,-88.206,25.94
12.2935,0.1306,0.0159,-0.9631,-114.366,52.473,-105.290,25.50
12.3054,0.2559,-1.6973,-1.1951,-107.344,78.656,-47.137,25.94
12.3150,0.0422,-2.0000,-0.5969,-104.145,66.382,-2.130,25.94
12.3238,0.0688,-2.0000,-0.8438,45.786,-35.893,-250.137,25.74
12.3384,0.9583,1.9999,-1.2778,-3.847,-103.336,-247.580,25.50
12.3485,1.4526,1.4119,-1.8767,-77.031,18.939,-142.168,25.84
12.3573,0.7766,0.2019,-1.5767,-157.840,47.275,9.603,25.98
12.3651,0.7808,-0.8347,-1.6602,-116.176,38.130,-83.244,25.65
12.3742,0.6104,0.3762,-1.6404,-101.748,-20.145,-84.725,25.79
12.3863,1.0500,-0.0688,-1.6436,-120.015,-39.137,-48.489,25.60
12.3927,0.9424,0.1423,-1.3271,-119.786,10.641,-37.359,25.74
12.4057,0.2571,-0.0625,-1.1895,-111.565,49.672,-10.794,25.94
12.4153,-0.4084,-0.1169,-0.9592,-95.786,31.153,-36.099,25.98
12.4230,-0.4236,0.1101,-0.7151,-104.046,-23.053,-52.221,25.79
12.4360,0.3450,-0.0276,-0.9248,-101.534,-40.389,-38.229,25.98
12.4458,0.7761,0.0745,-0.9360,-104.374,7.695,17.038,26.03
12.4529,0.6572,-0.1875,-0.9990,-96.840,46.221,37.458,25.79
12.4639,0.2271,-0.0144,-0.9629,-89.336,34.275,34.076,25.50
12.4751,0.3167,-0.2368,-1.0459,-79.962,-2.206,26.672,25.94
12.4903,0.5847,-0.3389,-1.1145,-77.359,6.527,23.634,25.65
12.4945,0.2803,-0.3384,-1.1533,-78.145,41.969,25.901,25.74
12.5058,-0.0901,-0.4368,-1.0466,-69.618,2.275,-13.672,25.79
12.5210,0.4419,-0.3113,-1.0322,-42.221,-21.969,-63.420,25.94
12.5244,0.5371,-0.0076,-1.0452,-49.840,-7.824,-41.908,25.60
12.5381,0.4561,-0.0935,-0.9924,-45.229,5.634,-21.763,26.32
12.5460,0.3738,-0.1069,-0.9771,-43.679,6.740,-20.221,25.41
12.5526,0.2922,-0.0674,-0.9941,-43.344,1.038,-15.084,25.79
12.5705,0.3108,-0.0850,-1.0154,-42.969,-1.443,-8.656,25.79
12.5756,0.2949,-0.0566,-1.0271,-44.298,4.244,-3.855,25.79
12.5875,0.2666,-0.1494,-1.0027,-42.603,-6.038,-7.183,25.60
12.5967,0.3665,-0.0620,-1.0601,-41.076,-1.878,-1.740,25.50
12.6061,0.3655,-0.1655,-1.0613,-38.649,6.542,-7.481,25.94
12.6158,0.2937,-0.1272,-1.0461,-38.160,1.511,-6.122,26.03
12.6242,0.3088,-0.0581,-1.0222,-36.679,-4.618,-11.756,25.79
12.6337,0.3828,-0.0188,-1.0273,-35.908,-5.427,-10.290,25.79
12.6432,0.4163,-0.0513,-1.0679,-35.916,2.221,-0.611,25.79
12.6612,0.3364,-0.1301,-1.0181,-35.908,1.466,1.489,25.94
12.6644,0.3220,-0.0933,-1.0171,-30.328,-3.221,-0.298,25.50
12.6734,0.2734,-0.0269,-1.0354,-37.160,-0.595,-1.305,25.98
12.6862,0.3264,-0.0515,-1.0322,-38.076,3.397,-3.916,25.94
12.6965,0.3203,-0.0664,-1.0125,-39.794,7.450,6.389,25.65
12.7060,0.2607,0.0017,-0.9927,-42.954,2.481,-7.511,25.60
12.7158,0.3596,-0.0264,-1.0251,-42.870,-5.168,-3.023,25.65
12.7267,0.3262,0.0491,-1.0215,-47.458,2.519,0.168,25.79
12.7337,0.3914,-0.0791,-1.0383,-44.053,5.893,12.573,25.84
12.7434,0.2935,-0.0403,-1.0273,-44.405,13.573,-0.740,25.46
12.7541,0.2712,-0.0469,-0.9780,-48.061,10.992,-2.603,25.98
12.7651,0.2708,-0.0981,-0.9211,-44.931,5.130,-2.656,25.65
12.7746,0.3782,-0.0364,-1.0015,-46.237,7.198,-14.198,25.50
12.7903,0.3396,-0.0305,-0.9558,-46.092,12.855,-14.183,25.74
12.7928,0.3506,-0.0266,-0.9795,-44.565,5.137,-21.405,25.46
12.8085,0.4109,0.0466,-0.9985,-45.992,9.481,-21.168,25.94
12.8156,0.3789,0.0540,-1.0107,-44.023,17.450,-19.702,25.84
12.8227,0.3276,0.0874,-0.9976,-45.359,18.374,-20.069,25.98
12.8367,0.3091,0.0659,-1.0146,-41.557,11.672,-20.557,25.94
12.8516,0.4841,0.2273,-1.0278,-41.664,4.817,-24.374,25.98
12.8539,0.5244,0.1873,-1.0356,-46.450,22.618,-5.649,25.79
12.8626,0.3586,0.0984,-1.0354,-40.366,28.519,-6.740,26.18
12.8752,0.2478,0.0205,-0.9800,-37.122,-2.336,-10.443,25.94
12.8860,0.5352,0.2012,-1.0361,-38.992,-1.855,-11.748,25.46
12.8936,0.5569,0.1243,-1.0820,-45.817,22.481,-4.130,25.74
12.9095,0.3489,0.0637,-1.0686,-40.153,8.313,-10.137,25.79
12.9135,0.3818,0.0728,-1.0469,-35.176,-9.160,-12.382,26.18
12.9362,0.4270,0.0669,-1.1426,-42.985,13.985,-13.634,25.94
12.9405,0.4192,0.0959,-1.1284,-39.954,3.443,-15.962,25.98
12.9436,0.4146,0.0813,-1.1162,-39.985,1.595,-14.702,25.98
12.9592,0.4504,0.1006,-1.1499,-45.595,13.153,-17.679,25.46
12.9675,0.4475,0.0986,-1.1213,-51.489,18.275,-18.496,25.74
12.9741,0.4094,0.0764,-1.1528,-51.840,20.191,-23.382,25.84
12.9887,0.3931,0.0869,-1.1470,-51.748,16.557,-19.580,25.65
12.9939,0.3572,0.0784,-1.1523,-55.626,18.382,-21.099,25.79
13.0077,0.3718,0.0732,-1.1228,-58.214,11.618,-22.206,25.50
13.0176,0.4812,0.0674,-1.1104,-61.779,7.275,-26.664,25.50
13.0247,0.5569,0.0566,-1.1238,-67.153,16.168,-17.435,26.13
13.0356,0.4954,0.0535,-1.1130,-73.374,29.038,-12.336,26.27
13.0447,0.4568,-0.0081,-1.1494,-78.252,32.015,-19.427,25.94
13.0588,0.5398,0.0237,-1.2129,-82.313,23.229,-31.962,25.84
13.0669,0.6062,0.0657,-1.2556,-86.137,29.427,-34.115,26.13
13.0733,0.5952,0.0315,-1.3433,-93.229,46.504,-26.282,25.84
13.0859,0.5093,0.0623,-1.4082,-101.015,47.916,-25.489,25.84
13.0931,0.5461,-0.0466,-1.5410,-110.878,53.634,-19.885,25.50
13.1053,0.5935,-0.2324,-1.6528,-122.221,57.191,-16.618,25.27
13.1154,0.7078,-0.4631,-1.7661,-131.908,63.435,-15.901,25.98
13.1233,0.7109,-0.6926,-1.8362,-136.046,79.863,-17.366,26.13
13.1365,0.5427,-0.7153,-1.7705,-128.832,77.924,-38.000,25.84
13.1478,0.5801,-0.4341,-1.6372,-125.366,56.267,-52.710,25.94
13.1543,0.6648,-0.4102,-1.5950,-125.168,58.397,-36.534,25.94
13.1661,0.5327,-0.3918,-1.5459,-111.679,87.519,-40.649,25.84
13.1751,0.1470,0.4272,-1.4607,-109.214,57.809,-77.702,25.98
13.1838,0.5063,0.4114,-1.4910,-108.405,27.779,-86.863,25.74
13.1929,0.7190,0.7080,-1.5754,-112.176,49.298,-71.908,25.84
13.2052,0.4949,0.2454,-1.4707,-125.038,96.305,-30.687,25.79
13.2146,0.0010,0.2515,-1.2551,-112.656,96.649,-48.908,25.94
13.2240,-0.0112,-0.1758,-1.1201,-112.992,47.359,-18.313,25.74
13.2400,0.0298,-0.3777,-0.8840,-82.611,36.115,-87.221,26.13
13.2438,0.1658,-0.1296,-0.6741,-75.450,5.489,-71.160,25.98
13.2588,0.4539,-0.1572,-0.6125,-50.046,49.321,-57.450,25.94
13.2671,0.1938,-0.0144,-0.4558,-44.626,60.069,7.008,25.60
13.2759,-0.0691,-0.2390,-0.4148,-24.931,43.153,-10.237,25.79
13.2858,-0.3127,0.3865,-0.3816,1.763,24.160,-56.405,25.94
13.2950,-0.2585,0.7214,-0.4216,-8.527,-36.695,-28.282,25.60
13.3075,0.1157,0.5808,-0.4185,-22.595,-55.527,10.557,25.98
13.3163,0.3687,0.0100,-0.4922,-19.115,8.939,57.145,26.18
13.3271,-0.0398,-0.0444,-0.3247,1.763,13.672,76.481,25.79
13.3381,-0.0930,-0.2671,-0.2739,21.489,-34.939,36.282,25.65
13.3456,0.2808,-0.3052,-0.2710,36.565,-65.855,12.870,25.50
13.3577,0.6902,-0.3367,-0.3586,57.504,-2.580,47.489,25.94
13.3666,0.2095,-0.4199,-0.2988,74.099,9.130,65.924,25.65
13.3802,-0.0879,-0.3862,-0.3442,105.382,-44.534,22.695,25.79
13.3871,-0.0620,-0.3350,-0.3606,120.092,-77.992,10.473,25.79
13.3930,0.2900,-0.2979,-0.4749,130.069,-79.443,-2.374,25.31
13.4045,0.3613,-0.2068,-0.5793,146.359,-45.595,-7.626,25.79
13.4152,0.1489,-0.2402,-0.5901,160.092,-44.336,2.985,25.98
13.4245,0.0730,-0.0896,-0.6282,171.473,-63.427,-22.687,25.79
13.4364,0.2209,-0.1309,-0.7659,181.275,-72.908,-20.573,25.41
13.4626,0.4121,-0.0317,-0.9229,191.771,-57.153,-4.008,25.84
13.4687,0.2307,-0.1997,-0.9744,209.992,-45.878,10.282,25.94
13.4714,0.2002,-0.1731,-1.0220,217.603,-55.840,11.626,25.79
13.4747,0.2192,-0.1719,-1.0281,217.405,-47.084,9.901,25.74
13.4966,0.3306,-0.0652,-1.1294,230.832,-45.679,30.893,25.50
13.5000,0.3308,-0.0647,-1.1260,237.611,-48.855,34.824,25.98
13.5036,0.3306,-0.0713,-1.1553,239.412,-48.466,40.649,25.60
13.5237,0.3315,-0.0002,-1.1921,245.595,-53.092,49.618,25.50
13.5292,0.4033,0.0515,-1.3013,248.489,-51.718,55.366,25.65
13.5372,0.4922,0.0081,-1.3726,250.130,-49.298,73.687,25.94
13.5460,0.5103,-0.0466,-1.4304,250.130,-40.954,79.130,25.84
13.5683,0.4712,0.0427,-1.4819,250.130,-44.214,95.038,25.84
13.5739,0.4075,0.0427,-1.5640,250.130,-48.855,98.305,25.98
13.5765,0.4031,0.0967,-1.5742,250.130,-61.313,103.702,25.60
13.5829,0.4373,0.0481,-1.6267,250.130,-53.069,102.824,25.74
13.5963,0.4587,0.0811,-1.7212,250.130,-54.611,101.679,25.65
13.6117,0.4175,-0.1016,-1.7620,250.130,-60.427,93.420,25.84
13.6250,0.3877,-0.0591,-1.8130,250.130,-71.427,83.382,25.84
13.6297,0.5349,0.0759,-1.9656,250.130,-87.191,70.634,25.50
13.6368,0.5918,0.2451,-2.0000,250.130,-86.702,51.107,25.79
13.6431,0.7800,0.6868,-2.0000,241.290,-88.840,70.275,25.98
13.6579,0.8936,0.7737,-2.0000,188.374,-43.420,124.580,25.94
13.6686,0.7595,0.6843,-1.9043,140.939,-23.145,125.557,26.03
13.6753,0.6936,-0.0715,-2.0000,189.656,-82.885,83.328,25.98
13.6845,0.6150,1.5930,-1.2397,152.954,-20.565,80.351,25.84
13.6932,0.5566,0.9612,-1.3496,71.443,-2.122,186.031,25.84
13.7061,-0.1289,0.6262,-0.8962,54.740,-20.252,151.397,25.65
13.7177,0.0405,0.3577,-0.9500,54.588,-84.725,94.053,25.98
13.7232,0.4998,0.7339,-0.9851,45.237,-87.847,87.359,25.79
13.7392,0.8469,0.6580,-1.0583,7.374,-38.809,98.076,26.18
13.7460,0.6934,0.6135,-0.9128,-10.221,-11.443,63.557,25.98
13.7580,0.7625,0.3555,-0.9136,-35.206,-2.733,7.565,25.60
13.7660,0.7112,0.4531,-0.8435,-41.855,7.038,-25.099,26.03
13.7751,0.6584,0.4731,-0.8472,-48.977,0.908,-42.626,26.13
13.7876,0.6794,0.5579,-0.8323,-56.718,-0.198,-77.565,25.74
13.7927,0.8213,0.6521,-1.1299,-74.702,15.931,-95.985,25.50
13.8052,1.0476,-0.0750,-1.0034,-94.802,-5.992,-89.771,25.84
13.8153,1.4033,-0.2205,-1.0862,-91.893,38.260,-116.832,25.98
13.8232,1.4351,-1.3162,-0.9868,-114.595,104.534,-10.282,25.31
13.8362,-0.0549,-2.0000,-0.9524,-43.061,167.519,-30.412,25.65
13.8458,-0.9929,-1.9138,-0.9417,21.061,24.695,-185.458,25.84
13.8538,-0.7952,-0.3091,-1.1707,68.550,-138.878,-250.137,25.41
13.8685,1.9999,1.9999,-1.9075,-39.954,-123.641,-228.885,25.27
13.8751,1.9999,1.7798,-2.0000,-107.931,47.153,-105.351,26.03
13.8855,0.8975,-0.3567,-1.3765,-152.679,70.000,-14.794,25.65
13.8972,0.3345,-0.6721,-1.5117,-91.779,42.885,-141.901,25.41
13.9041,0.3088,0.0725,-1.2432,-103.328,-37.053,-83.351,25.79
13.9168,0.3960,0.1633,-1.0598,-86.412,27.725,-79.412,25.50
13.9294,0.0464,0.1438,-0.9175,-101.832,13.282,-45.618,25.94
13.9367,0.0593,0.4075,-0.9622,-99.336,9.901,-56.076,25.79
13.9469,0.1306,-0.0393,-0.9727,-106.504,13.305,-6.847,25.79
13.9561,0.1194,-0.2695,-0.8728,-85.260,9.099,-42.832,25.84
13.9665,0.3789,-0.0034,-0.9412,-84.931,-9.832,-25.031,25.74
13.9730,0.6731,-0.0217,-1.0667,-80.679,-4.748,-16.107,25.94
13.9865,0.8047,-0.0664,-1.1384,-77.725,26.389,13.321,25.84
13.9938,0.5669,-0.0500,-1.0884,-78.382,37.221,26.221,25.60
14.0050,0.3789,-0.2456,-1.0293,-81.023,20.687,35.336,25.98
14.0146,0.3000,-0.2607,-0.9658,-73.351,0.130,6.595,26.13
14.0230,0.3765,-0.2778,-1.0271,-70.840,9.244,-6.672,25.65
14.0365,0.0837,-0.2163,-0.9397,-72.542,8.252,-16.313,25.98
14.0471,0.2405,-0.1865,-0.9392,-59.863,-13.275,-38.450,25.50
14.0529,0.4551,-0.0525,-0.9946,-58.802,-8.656,-29.878,25.79
14.0702,0.4399,0.0076,-1.0566,-59.397,16.198,-19.351,25.79
14.0730,0.3926,-0.0664,-1.0439,-53.405,9.092,0.893,25.60
14.0885,0.2092,-0.0508,-1.0449,-50.855,7.779,-7.229,25.65
14.0938,0.2336,-0.0332,-1.0437,-47.206,-1.840,-12.924,25.46
14.1068,0.4431,-0.1028,-1.0454,-47.557,5.710,-3.481,26.03
14.1180,0.3711,-0.1001,-1.0459,-44.626,14.252,0.641,25.98
14.1227,0.3188,-0.1201,-1.0334,-38.198,3.962,-7.626,25.79
14.1361,0.3267,-0.0637,-1.0627,-37.267,4.588,-6.718,25.84
14.1462,0.3792,-0.0498,-1.0552,-34.634,0.511,-14.122,25.84
14.1527,0.4045,0.0042,-1.0625,-36.061,5.779,-8.275,25.98
14.1658,0.4207,0.0317,-1.0496,-33.466,3.924,-4.221,25.74
14.1761,0.3982,-0.0129,-1.0759,-32.985,3.748,1.817,25.60
14.1826,0.3677,0.0144,-1.0664,-33.504,4.878,-0.229,25.46
14.1964,0.3262,-0.0137,-1.0300,-33.412,-5.244,1.198,25.79
14.2031,0.3611,-0.0625,-1.0596,-27.832,-4.076,4.969,25.94
14.2145,0.4036,0.0430,-1.1326,-33.053,-10.550,6.855,25.60
14.2250,0.4534,0.0720,-1.0645,-37.954,-4.527,9.656,25.98
14.2349,0.4204,-0.0168,-1.1096,-41.198,3.580,13.405,25.94
14.2440,0.2769,0.0439,-1.0239,-42.855,-2.336,15.473,25.98
14.2578,0.3777,-0.0083,-1.0156,-46.641,2.924,16.634,25.94
14.2655,0.3164,-0.0430,-0.9465,-49.840,1.153,14.351,25.74
14.2771,0.2549,-0.0662,-0.9106,-46.489,-0.214,8.664,25.65
14.2837,0.3171,-0.0608,-0.9102,-48.786,-10.588,4.504,25.98
14.2926,0.4060,-0.0669,-0.9634,-46.595,-2.069,-5.321,25.84
14.3068,0.4861,-0.0342,-0.9702,-47.595,3.901,-23.916,25.94
14.3177,0.2808,0.0435,-0.9297,-46.153,10.168,-10.427,25.65
14.3227,0.2864,0.0237,-0.9753,-39.641,-9.489,-15.038,25.79
14.3359,0.4133,0.1416,-1.0151,-45.473,3.359,-20.435,25.94
14.3442,0.3955,0.1223,-1.0439,-50.412,14.672,-5.076,25.84
14.3554,0.2900,0.0640,-1.0083,-50.427,6.115,-8.260,25.79
14.3656,0.3486,0.0740,-1.0225,-50.473,-1.641,-11.130,25.79
14.3757,0.4250,0.0801,-1.0613,-55.008,5.687,-6.061,26.18
14.3826,0.4004,0.0093,-1.0603,-57.733,12.099,-5.832,25.46
14.3962,0.3784,-0.0129,-1.0823,-57.985,3.389,-15.924,25.84
14.4028,0.4580,0.0620,-1.1006,-60.740,7.008,-17.786,25.84
14.4155,0.4578,0.0205,-1.0703,-62.458,16.893,-19.985,25.79
14.4227,0.4133,0.0793,-1.0601,-66.557,20.679,-20.740,26.03
14.4378,0.4395,0.0518,-1.1143,-67.733,18.191,-28.901,25.50
14.4450,0.4036,0.0979,-1.1755,-71.435,28.008,-23.672,26.03
14.4531,0.2993,0.0635,-1.1819,-74.115,31.595,-31.634,25.84
14.4650,0.3145,0.0593,-1.1934,-77.191,15.252,-36.763,25.79
14.4755,0.4910,0.0806,-1.2739,-78.893,15.992,-43.435,25.84
14.4889,0.5256,0.1123,-1.3457,-88.443,39.290,-31.069,25.84
14.4929,0.4001,0.0862,-1.3447,-92.427,43.489,-27.969,25.79
14.5063,0.3650,0.0308,-1.3645,-97.397,24.099,-33.588,25.46
14.5142,0.4956,0.0479,-1.4104,-101.382,26.748,-35.931,25.50
14.5250,0.5610,0.0762,-1.4258,-111.122,29.443,-28.344,25.79
14.5351,0.6011,0.0195,-1.5110,-119.580,30.855,-18.954,25.94
14.5450,0.7185,-0.0842,-1.6621,-132.710,26.466,-13.359,25.60
14.5527,0.8503,-0.3689,-1.7629,-143.985,63.511,-1.038,25.79
14.5634,0.4019,-0.5205,-1.7664,-145.954,77.427,-5.458,25.94
14.5756,0.3933,-0.7585,-1.8875,-147.267,39.153,-28.641,25.94
14.5848,0.6582,-0.6765,-2.0000,-144.939,38.985,-40.656,25.74
14.5935,0.8584,-0.8528,-2.0000,-143.916,71.885,-16.214,25.98
14.6048,0.5686,-0.6794,-1.9421,-129.046,70.954,-9.924,25.79
14.6144,0.3816,-0.0818,-1.7432,-117.260,59.916,-27.191,25.98
14.6249,0.5803,0.5208,-1.6912,-117.740,26.023,-53.924,26.32
14.6349,0.7515,0.9246,-1.6025,-131.061,39.382,-69.573,25.98
14.6446,0.7678,0.4775,-1.5923,-137.359,91.221,-17.634,25.79
14.6536,0.2229,0.2703,-1.1760,-146.779,72.779,12.092,25.60
14.6642,0.0906,-0.1284,-1.2717,-121.702,77.969,-26.786,26.18
14.6774,-0.0471,-0.4985,-0.7534,-120.794,44.290,33.229,25.94
14.6840,-0.0100,-0.9634,-0.6213,-90.832,37.298,-22.824,25.65
14.6971,-0.0068,-0.5186,-0.4192,-52.137,17.969,-33.000,25.60
14.7036,0.0496,-0.3679,-0.2927,-30.893,5.160,-34.885,25.74
14.7136,0.0437,-0.2019,-0.2209,-2.214,-0.977,-55.160,25.84
14.7296,-0.2307,1.0078,-0.3403,11.817,-15.229,-69.618,25.79
14.7368,0.1565,0.7009,-0.2595,-25.702,-86.687,-15.794,25.84
14.7471,0.6902,-0.0200,-0.4958,-18.679,-19.573,53.214,26.13
14.7559,0.1995,-0.1152,-0.2456,-2.374,24.000,82.885,25.65
14.7679,-0.0618,-0.3203,-0.1511,13.519,-14.015,63.863,25.79
14.7744,0.0364,-0.5308,-0.1704,35.359,-39.695,45.893,25.74
14.7849,0.3228,-0.4153,-0.1448,68.573,-60.389,27.809,25.79
14.7933,0.5342,-0.2715,-0.2561,80.344,-34.557,36.710,25.98
14.8041,0.1643,-0.2783,-0.2034,92.038,-16.069,65.908,26.18
14.8135,-0.0842,-0.2578,-0.2307,102.985,-53.511,52.443,25.60
14.8227,-0.0090,-0.2783,-0.3660,125.763,-80.939,11.534,25.94
14.8352,0.2483,-0.1145,-0.4421,143.237,-88.298,3.305,25.31
14.8448,0.3450,0.0269,-0.4253,140.718,-83.458,20.351,25.98
14.8527,0.3396,-0.0610,-0.5369,151.519,-67.191,30.634,25.98
14.8684,-0.0103,0.1228,-0.5659,164.206,-72.618,63.611,25.84
14.8757,0.3088,-0.1147,-0.6006,165.168,-102.832,46.061,25.65
14.8869,0.3997,0.0845,-0.6704,175.893,-78.321,66.015,25.94
14.8982,0.4314,-0.0305,-0.7263,174.145,-73.305,75.634,25.79
14.9037,0.3389,0.1028,-0.7351,189.672,-65.656,78.870,25.79
14.9168,0.3311,-0.1035,-0.8230,195.053,-82.443,89.031,25.65
14.9280,0.4248,-0.0767,-0.8704,205.282,-91.664,90.023,25.84
14.9345,0.5503,-0.1604,-0.9539,208.840,-86.489,95.595,25.79
14.9467,0.6143,-0.0632,-1.0894,222.771,-84.061,94.489,25.94
14.9535,0.7715,-0.2297,-1.2129,225.366,-81.092,103.611,25.74
14.9673,0.7651,-0.2275,-1.3679,240.916,-67.244,93.885,25.79
14.9734,0.6868,-0.1118,-1.4766,246.634,-79.366,82.176,25.65
14.9899,0.7930,-0.0364,-1.6035,250.130,-81.084,85.412,25.79
14.9932,0.7910,-0.0325,-1.6409,250.130,-68.847,90.618,26.13
15.0058,0.5808,-0.0269,-1.6494,250.130,-61.336,90.580,25.50
15.0141,0.6011,-0.1208,-1.6372,250.130,-71.450,87.122,25.79
15.0248,0.7151,0.0906,-1.6873,250.130,-78.275,76.573,25.31
15.0354,0.8123,0.0295,-1.7583,250.130,-74.374,78.947,25.94
15.0452,0.7932,0.1477,-1.7661,250.130,-69.267,76.305,25.31
15.0537,0.8301,0.0901,-1.8472,250.130,-60.954,63.748,26.18
15.0638,0.8142,0.1301,-1.8750,240.145,-62.908,72.527,25.46
15.0767,0.7827,0.4978,-1.9124,219.824,-45.473,64.885,25.98
15.0826,0.7800,0.5525,-1.9238,198.160,-39.840,69.718,25.94
15.0926,0.7034,0.6970,-1.7612,167.198,-16.733,84.389,25.98
15.1072,0.4299,0.5703,-1.4243,110.779,-24.198,116.405,25.50
15.1138,0.6350,-0.0623,-1.8154,169.992,-75.298,-18.565,25.65
15.1227,0.8528,1.6558,-1.5386,131.282,-75.863,63.313,25.84
15.1356,0.7458,0.7971,-1.0913,58.954,51.221,99.038,25.94
15.1442,0.0454,0.7747,-0.9961,48.496,37.153,101.794,25.84
15.1531,0.0718,1.0781,-0.9202,34.511,-45.153,45.740,25.94
15.1654,0.8196,1.0662,-1.0786,-4.267,-36.527,66.496,26.03
15.1754,0.8298,1.0139,-0.9707,-37.817,15.702,67.099,26.32
15.1844,0.4946,0.8674,-1.0649,-58.794,33.336,52.611,26.03
15.1933,0.5774,0.7058,-0.9851,-74.534,3.611,44.679,25.50
15.2037,0.9697,1.0786,-1.0271,-84.122,12.687,-22.290,25.60
15.2145,1.1980,1.3665,-1.0767,-107.107,36.786,-36.611,25.50
15.2316,1.3962,0.7803,-0.9734,-180.206,52.756,28.611,25.84
15.2374,1.0747,-1.8040,-1.2463,-164.573,169.763,146.893,26.13
15.2443,-0.3047,-2.0000,-0.8032,-139.588,193.580,43.931,25.79
15.2584,-1.2517,-2.0000,-1.0242,56.618,24.969,-250.137,25.65
15.2663,-1.5588,1.7810,-1.3477,7.206,-45.962,-250.137,25.46
15.2805,1.9999,1.8318,-2.0000,-99.023,-189.092,-250.137,25.98
15.2899,1.9999,1.2522,-1.9402,-148.214,62.427,1.130,25.79
15.2923,0.8674,-0.8618,-1.5703,-179.542,250.130,56.947,25.84
15.3072,-1.2168,-0.7393,-1.0652,-73.015,72.221,-113.740,25.74
15.3134,-1.3931,0.1604,-0.9680,-56.344,-35.573,-145.504,25.74
15.3292,0.9131,1.1125,-1.5520,-98.450,-199.351,-236.267,25.79
15.3343,1.9999,0.8909,-1.4934,-144.710,4.008,16.748,25.98
15.3467,0.8167,-0.2097,-0.9895,-126.267,177.763,78.137,25.94
15.3603,-0.3745,-0.3438,-0.8330,-90.763,-18.664,-3.611,25.94
15.3686,0.4648,-0.2297,-0.9990,-79.878,-50.824,-20.618,25.79
15.3766,0.9497,-0.1038,-1.0850,-87.458,12.710,8.374,25.94
15.3830,0.4834,-0.1729,-1.0513,-92.473,71.534,18.687,25.84
15.4056,-0.0430,-0.2979,-1.0205,-59.733,-35.962,-49.260,25.46
15.4096,0.5391,-0.1572,-1.0952,-53.473,-43.092,-75.298,25.74
15.4130,0.7925,0.0415,-1.1125,-49.534,-33.420,-53.214,25.84
15.4366,0.1377,-0.1001,-1.0217,-46.611,5.008,-23.870,25.65
15.4407,0.1440,-0.0486,-1.0054,-48.244,1.977,-22.229,25.74
15.4442,0.2415,0.0249,-1.0247,-41.473,-26.672,-30.962,25.84
15.4579,0.5479,0.0823,-1.0618,-42.267,0.412,-5.573,25.12
15.4729,0.2646,-0.0586,-1.0210,-37.885,6.511,9.771,25.74
15.4784,0.2380,-0.0891,-1.0237,-32.641,-17.870,0.931,25.46
15.4871,0.3540,-0.0679,-1.0386,-30.160,-22.046,-11.000,25.84
15.4939,0.4536,-0.0459,-1.0811,-29.344,-11.130,2.840,25.94
15.5039,0.3965,-0.0107,-1.1106,-28.947,-1.550,5.267,25.65
15.5161,0.2188,-0.0176,-1.0464,-30.038,-2.885,17.740,25.84
15.5259,0.2163,0.0435,-0.9980,-26.771,-18.122,13.985,26.13
15.5358,0.3831,0.0103,-1.0266,-28.763,-12.305,24.298,25.50
15.5484,0.3298,0.0142,-1.0232,-33.107,-3.947,23.748,25.74
15.5557,0.2542,0.0305,-1.0029,-35.237,-7.122,27.977,25.98
15.5712,0.2871,0.0205,-1.0020,-36.573,-8.008,24.008,25.60
15.5751,0.3291,-0.0156,-0.9946,-39.565,-4.916,29.802,25.94
15.5847,0.2686,-0.0796,-0.9749,-38.145,2.214,26.504,25.79
15.5934,0.2402,0.0215,-0.9526,-36.229,-4.794,16.023,25.79
15.6052,0.2876,-0.0537,-1.0356,-38.809,0.183,18.580,25.74
15.6148,0.2231,-0.0029,-0.9849,-37.511,1.282,13.618,26.27
15.6259,0.2544,-0.0486,-1.0093,-37.603,-10.076,6.748,25.79
15.6366,0.4351,0.0222,-1.0359,-33.168,-4.412,6.206,26.18
15.6448,0.4014,0.0107,-1.0110,-37.427,10.489,20.809,25.94
15.6553,0.1855,0.0374,-1.0032,-37.649,9.267,2.504,25.60
15.6657,0.2007,0.0369,-1.0383,-39.496,-3.008,12.336,25.46
15.6747,0.3335,-0.0217,-1.0271,-37.603,-6.229,0.809,26.18
15.6876,0.3364,0.0273,-1.0283,-41.122,7.168,8.534,25.65
15.6930,0.2698,0.0193,-1.0015,-34.939,-0.893,3.122,25.79
15.7042,0.3213,0.0134,-1.0393,-42.847,-7.618,5.336,25.65
15.7171,0.4072,0.0381,-1.0615,-41.382,-1.084,-3.977,25.94
15.7227,0.3774,0.0818,-1.0447,-44.809,0.374,3.351,25.84
15.7415,0.3245,0.0781,-1.0532,-43.832,1.649,5.427,25.46
15.7462,0.3181,0.0862,-1.0566,-39.695,-9.985,2.427,25.79
15.7575,0.2942,0.0959,-1.0315,-45.863,-1.092,5.107,26.18
15.7686,0.2983,0.1082,-1.0325,-47.634,-4.061,10.122,25.46
15.7768,0.3169,0.1152,-1.0239,-48.092,-3.840,9.351,25.79
15.7835,0.3506,0.1460,-1.0271,-51.389,0.496,12.954,25.50
15.7928,0.3469,0.1204,-1.0232,-51.496,-0.389,14.099,25.98
15.8040,0.3250,0.1558,-1.0425,-51.481,5.221,13.863,25.84
15.8152,0.2917,0.1052,-1.0444,-54.061,7.107,13.473,25.98
15.8227,0.2415,0.1133,-1.0591,-54.771,8.786,10.145,25.46
15.8382,0.2761,0.0974,-1.0825,-49.832,1.718,1.740,25.98
15.8453,0.3523,0.1426,-1.0762,-50.458,0.840,5.710,25.74
15.8528,0.3555,0.1638,-1.0859,-53.267,13.733,0.336,26.27
15.8665,0.2952,0.1313,-1.0715,-54.221,12.832,2.435,25.65
15.8801,0.2991,0.1577,-1.0679,-52.481,7.496,-0.527,25.84
15.8826,0.3096,0.1692,-1.0566,-59.191,16.260,1.626,25.94
15.9009,0.4490,0.1475,-1.0859,-53.641,12.237,-2.023,25.50
15.9056,0.3984,0.1904,-1.0828,-52.511,21.618,2.611,25.94
15.9175,0.3906,0.1243,-1.0588,-57.985,9.321,5.878,25.94
15.9272,0.4070,0.1985,-1.0654,-55.359,21.473,2.267,25.79
15.9367,0.3972,0.0920,-1.0876,-59.824,21.115,2.565,25.60
15.9464,0.3518,0.1240,-1.0725,-58.244,23.763,-7.573,25.84
15.9560,0.3650,0.1309,-1.1113,-58.710,22.550,-13.771,25.74
15.9643,0.3547,0.2153,-1.1047,-60.527,25.130,-13.359,25.60
15.9748,0.3909,0.1450,-1.1050,-62.664,18.832,-12.885,25.60
15.9881,0.4629,0.2041,-1.1008,-63.336,24.336,-11.771,25.74
15.9927,0.4395,0.2598,-1.1106,-64.084,33.626,-17.382,25.60
16.0058,0.3323,0.2500,-1.0386,-67.298,24.191,-7.191,25.65
16.0172,0.4021,0.2083,-1.0669,-67.557,23.908,-11.191,25.98
16.0300,0.4719,0.2080,-1.0588,-67.214,27.702,-1.595,25.74
16.0346,0.4485,0.2056,-1.0718,-65.878,38.214,-0.748,25.74
16.0446,0.3848,0.1895,-1.0449,-69.840,32.504,-3.214,25.98
16.0527,0.4585,0.1575,-1.0447,-71.802,25.115,-10.725,26.27
16.0656,0.5286,0.1873,-1.1182,-74.229,30.626,-8.389,25.65
16.0747,0.5701,0.1357,-1.2458,-78.557,41.786,1.092,25.94
16.0846,0.5181,0.0747,-1.3699,-85.855,54.458,11.298,25.74
16.0941,0.3689,-0.0669,-1.4460,-89.321,67.527,17.992,25.94
16.1046,0.2246,-0.0811,-1.5093,-90.489,52.649,6.672,25.41
16.1181,0.5750,-0.4021,-1.6052,-91.718,31.756,4.954,25.94
16.1227,0.6382,-0.3518,-1.6746,-79.198,36.351,-1.053,25.74
16.1394,0.5278,-0.2012,-1.5457,-94.405,57.542,22.496,25.60
16.1442,0.5286,-0.2969,-1.4763,-84.107,49.779,3.626,25.79
16.1531,0.4963,0.0664,-1.3416,-83.947,57.405,-3.611,25.94
16.1665,0.4189,0.4070,-1.3240,-90.130,57.504,-2.763,25.60
16.1765,0.5349,0.7341,-1.3823,-94.496,40.687,-45.763,25.79
16.1826,0.6289,0.6938,-1.5310,-101.252,59.710,-7.817,25.84
16.1958,0.4299,0.1157,-1.4988,-87.351,95.779,-0.252,25.79
16.2087,-0.0044,0.3716,-1.2651,-81.351,89.969,-31.595,25.65
16.2146,-0.0566,0.1919,-1.2690,-69.008,37.183,-53.924,25.94
16.2275,0.0432,0.2556,-1.1589,-59.481,12.908,-87.847,25.65
16.2340,0.4277,0.3127,-1.0771,-57.145,4.595,-84.366,25.31
16.2428,0.5513,0.1509,-0.8767,-62.145,45.344,-50.924,25.65
16.2626,-0.1462,0.3215,-0.5952,-31.076,37.786,-37.305,26.03
16.2664,-0.2324,0.4075,-0.5200,-33.817,24.802,-44.679,25.79
16.2731,0.0569,0.2156,-0.3708,-35.977,-38.664,-47.160,25.98
16.2857,0.3777,0.5593,-0.5056,-14.710,-1.466,-56.374,25.98
16.2951,0.2920,0.3774,-0.4668,-43.321,2.832,39.954,25.46
16.3042,0.3262,-0.1880,-0.4810,-33.107,4.366,38.863,25.74
16.3165,0.2424,-0.2212,-0.2827,-18.550,1.183,33.527,25.50
16.3248,0.2178,-0.6404,-0.2280,19.863,8.290,28.473,25.79
16.3346,0.0947,-0.5376,-0.1152,40.168,-19.183,27.366,25.84
16.3491,0.4700,-0.4468,-0.2173,66.206,-46.618,-6.435,25.74
16.3541,0.7021,-0.2917,-0.2195,69.618,-26.420,-16.458,25.22
16.3680,0.4248,-0.2417,-0.2444,86.137,16.710,7.092,25.65
16.3744,0.1641,-0.2583,-0.2551,94.939,-0.473,1.405,25.74
16.3872,0.0869,0.1477,-0.4182,121.740,-40.366,-19.817,25.79
16.3970,0.3965,0.0398,-0.3916,115.321,-74.389,-25.649,25.65
16.4035,0.6484,0.1174,-0.6553,127.710,-5.443,-15.198,25.74
16.4156,0.4224,-0.0452,-0.5171,122.573,-15.412,5.344,25.94
16.4248,0.4302,-0.1411,-0.6604,147.160,-3.779,-18.305,25.94
16.4379,0.4014,-0.0457,-0.6858,159.198,-18.824,-6.817,25.98
16.4451,0.4597,0.0979,-0.8125,173.908,-8.565,-13.763,25.79
16.4526,0.3962,0.2388,-0.8904,176.282,-1.817,-10.221,25.94
16.4683,0.4409,0.3025,-1.0017,179.183,-3.046,-3.069,25.79
16.4756,0.4487,0.4380,-1.0588,177.695,8.130,6.145,25.74
16.4927,0.5154,0.3557,-1.2622,181.916,12.153,21.824,25.79
16.4991,0.4631,0.4954,-1.2874,184.221,12.534,23.107,25.94
16.5051,0.4980,0.4341,-1.3677,173.618,12.458,44.863,25.46
16.5187,0.4905,0.4438,-1.3474,176.916,11.634,44.802,25.60
16.5247,0.5183,0.5449,-1.3313,173.450,8.084,59.122,25.50
16.5378,0.5632,0.5142,-1.2915,173.649,8.573,61.115,25.98
16.5450,0.5476,0.5266,-1.2209,172.901,3.038,55.908,25.79
16.5528,0.5962,0.4592,-1.2170,172.954,-1.198,42.595,25.98
16.5648,0.6965,0.4106,-1.1753,169.046,1.191,28.137,25.79
16.5751,0.5603,0.0322,-1.0527,175.618,10.908,9.603,25.65
16.5888,0.3975,0.0671,-1.0635,187.947,-7.664,-39.511,25.74
16.5996,0.5063,-0.0598,-1.0471,201.824,-22.588,-76.489,25.65
16.6057,0.5444,0.0535,-1.0383,212.809,-18.366,-95.901,25.50
16.6141,0.4226,0.0461,-1.0393,218.397,-10.588,-105.947,25.94
16.6241,0.3013,0.0701,-1.0305,225.321,-31.145,-136.779,25.50
16.6351,0.3792,0.1438,-1.0593,231.130,-35.481,-160.534,25.79
16.6447,0.4272,0.1375,-1.0750,231.695,-29.450,-159.031,25.84
16.6562,0.2644,0.0806,-1.0925,238.145,-26.740,-172.649,25.74
16.6634,0.2939,0.0457,-1.1025,239.580,-32.885,-185.687,25.31
16.6764,0.5017,0.2258,-1.1729,243.702,-26.489,-191.260,25.46
16.6868,0.2854,0.0085,-1.1921,246.298,-4.221,-192.550,25.65
16.6968,0.1963,-0.0215,-1.3337,250.130,-6.282,-195.366,25.79
16.7030,0.0979,0.4468,-1.3164,250.130,-23.267,-235.351,25.79
16.7193,0.3127,0.3574,-1.4011,239.672,-1.695,-220.542,25.98
16.7231,0.1912,0.4009,-1.4692,240.328,-2.229,-207.885,25.74
16.7362,-0.0039,0.3943,-1.5020,228.802,-8.718,-224.458,25.79
16.7464,-0.0320,0.6191,-1.5518,220.374,-8.160,-233.420,25.94
16.7555,-0.1226,0.7217,-1.5337,197.336,-3.893,-205.847,25.94
16.7637,-0.1873,0.7151,-1.5979,184.847,3.206,-224.328,25.74
16.7789,-0.4104,0.9314,-1.6001,159.038,-14.565,-217.634,25.79
16.7836,-0.3887,0.9731,-1.6343,156.718,-28.206,-226.481,25.79
16.7972,-0.3550,1.0232,-1.5520,131.573,-31.832,-202.763,25.94
16.8036,-0.2373,1.1123,-1.4993,110.832,-35.076,-192.603,25.27
16.8161,-0.1519,1.2402,-1.4238,82.588,-23.076,-156.374,25.84
16.8237,-0.2249,1.1938,-1.3069,54.840,-1.237,-115.664,25.50
16.8360,-0.4495,0.9822,-1.2122,25.252,-14.557,-70.313,25.94
16.8440,-0.4631,0.9490,-1.2324,17.473,-39.618,-100.267,25.65
16.8545,0.3579,0.5327,-1.2437,-22.573,-41.832,51.420,25.46
16.8679,0.7095,-0.8887,-0.9475,-33.313,-98.046,-26.969,25.79
16.8782,1.8247,-1.6584,-1.1345,-10.229,-90.702,-18.000,25.50
16.8881,0.4072,0.2908,-1.6150,17.542,93.603,19.618,25.65
16.8957,-0.4131,-0.1611,-1.5791,-5.756,-44.672,-31.038,25.98
16.9059,0.3669,0.0369,-1.6035,-3.351,-132.435,-100.817,25.41
16.9144,1.2109,-0.1091,-1.2986,-14.725,-22.061,-52.305,25.22
16.9262,0.7014,-0.1287,-0.7068,-10.885,-44.992,-41.718,25.84
16.9373,0.7683,0.1838,-0.6904,-2.191,-66.725,-64.679,25.94
16.9460,1.0842,0.3977,-0.7141,-14.962,-49.885,10.382,26.18
16.9554,0.7412,0.1816,-0.6450,-22.038,-6.176,54.527,25.79
16.9634,0.2375,0.0198,-0.6814,-17.282,-9.687,63.626,25.41
16.9791,0.1135,-0.2405,-0.8523,-0.885,-69.496,38.275,25.65
16.9908,0.5403,-0.3208,-1.0190,8.802,-64.290,18.718,25.60
16.9939,0.6101,-0.3364,-1.0613,3.924,-47.260,18.573,25.84
17.0047,0.6038,-0.3442,-1.1946,17.382,-32.947,11.985,25.46
17.0196,0.4531,-0.3433,-1.1968,23.359,-37.290,-13.099,25.65
17.0249,0.4526,-0.2981,-1.0845,26.206,-43.588,-20.985,25.74
17.0366,0.5369,-0.3418,-0.9775,31.695,-34.763,-37.038,25.94
17.0446,0.2766,-0.2021,-0.9036,30.908,-26.191,-39.992,25.84
17.0556,0.4141,-0.2280,-0.8774,29.771,-54.450,-53.443,25.46
17.0668,0.5303,-0.1201,-0.9265,28.145,-42.443,-43.420,25.65
17.0764,0.4697,-0.1677,-0.9385,21.840,-30.252,-33.809,25.74
17.0826,0.3611,-0.1860,-1.0176,19.511,-29.420,-36.664,25.79
17.0929,0.3743,-0.2166,-1.0342,18.794,-45.160,-47.145,25.74
17.1065,0.4819,-0.1462,-1.0508,16.511,-37.099,-45.382,26.03
17.1167,0.3638,-0.1536,-1.0039,12.870,-27.191,-41.275,25.60
17.1227,0.3333,-0.1863,-0.9773,14.328,-37.908,-42.023,25.84
17.1354,0.4858,-0.1843,-0.9517,12.260,-40.573,-42.244,25.65
17.1454,0.5061,-0.1948,-0.9189,11.588,-27.107,-35.206,25.79
17.1530,0.3916,-0.2410,-0.9224,10.939,-22.313,-30.252,25.84
17.1642,0.3647,-0.1770,-0.8943,11.588,-43.191,-43.038,25.98
17.1815,0.5090,-0.2212,-0.9553,9.084,-25.382,-32.977,25.12
17.1866,0.3325,-0.2056,-0.9558,10.740,-18.321,-42.771,25.84
17.1998,0.2922,-0.2742,-0.9812,9.893,-36.466,-46.603,25.50
17.2056,0.3350,-0.2969,-0.9905,17.366,-47.763,-56.168,25.94
17.2164,0.4575,-0.1855,-0.9971,12.458,-29.954,-57.489,25.94
17.2228,0.4480,-0.1436,-1.0183,11.511,-22.878,-51.221,25.98
17.2367,0.3379,-0.2043,-0.9653,10.313,-22.435,-48.656,25.74
17.2439,0.3823,-0.1399,-0.9875,10.115,-17.977,-51.824,25.94
17.2623,0.3787,-0.1526,-0.9927,7.336,-11.664,-45.687,26.03
17.2694,0.3000,-0.1204,-0.9817,5.053,-6.221,-39.366,25.98
17.2766,0.3167,-0.2283,-0.9531,3.229,-15.313,-45.260,25.98
17.2877,0.3662,-0.2146,-0.9812,3.992,-15.031,-50.374,25.84
17.2948,0.3904,-0.2673,-1.0034,2.595,-4.985,-44.878,25.84
17.3058,0.1492,-0.2534,-0.9524,10.702,-34.687,-92.824,25.79
17.3171,0.4373,-0.0186,-0.9551,18.046,-23.084,-32.702,25.94
17.3266,0.4614,-0.0588,-1.0618,14.527,-0.130,-50.885,25.79
17.3361,0.3220,-0.1194,-1.0037,14.534,-6.473,-49.061,26.27
17.3460,0.4404,0.0320,-1.0603,13.275,-17.099,-68.321,25.74
17.3567,0.3992,-0.0706,-1.0156,7.458,0.763,-40.489,25.98
17.3669,0.3547,-0.1067,-1.0051,9.908,1.885,-26.420,25.79
17.3784,0.4148,-0.0901,-0.9775,9.214,-17.595,-42.466,25.79
17.3877,0.5022,-0.1240,-0.9805,7.809,-0.664,-30.588,25.98
17.3934,0.4485,-0.2083,-0.9888,13.267,-1.374,-30.641,26.13
17.4031,0.2073,-0.3118,-0.9543,4.718,17.748,-37.252,25.79
17.4168,0.2729,-0.3516,-0.9331,1.427,16.649,-60.794,25.79
17.4228,0.3110,-0.2568,-0.9312,-2.160,19.290,-49.504,25.84
17.4352,0.3877,-0.2617,-0.9893,-15.290,29.366,-50.496,25.27
17.4477,0.3816,-0.1138,-1.0518,-22.351,28.939,-40.756,25.94
17.4537,0.4470,-0.0479,-1.1873,-30.229,25.672,-44.664,25.84
17.4637,0.4512,0.0222,-1.2256,-39.725,26.672,-29.901,25.65
17.4875,0.4841,-0.1702,-1.2905,-46.305,24.450,-19.519,26.13
17.4926,0.5496,-0.3706,-1.2495,-38.832,13.588,-33.282,25.74
17.5013,0.5669,-0.4568,-1.1443,-38.290,19.580,-15.649,25.46
17.5037,0.4700,-0.8130,-1.0732,-23.908,15.679,-31.779,25.50
17.5176,0.3442,-1.1018,-0.7830,0.573,-31.076,-94.901,26.13
17.5266,1.1868,-1.0857,-0.8887,36.985,-37.832,-178.534,26.13
17.5364,0.8779,-0.6897,-0.9197,50.427,49.328,-183.412,25.27
17.5519,-0.1091,-1.6196,-0.9114,87.466,43.634,-250.137,25.94
17.5549,-0.4124,-1.0723,-0.8550,125.985,-4.824,-250.137,26.13
17.5663,-0.3848,-0.9480,-1.0483,146.237,-45.511,-250.137,25.22
17.5771,-0.4124,-0.7786,-1.1594,166.321,-39.038,-250.137,25.84
17.5865,-0.5212,-0.1802,-0.9675,161.153,-72.298,-250.137,25.60
17.6000,0.6101,0.0967,-1.2397,166.046,-95.916,-250.137,25.50
17.6037,0.8149,0.2991,-1.2378,154.107,-60.366,-250.137,25.74
17.6186,0.4211,-0.0110,-1.2603,134.038,49.786,-250.137,25.74
17.6242,-0.3694,-0.0120,-1.1147,147.733,16.588,-245.580,25.31
17.6359,-0.0503,0.1497,-1.1594,140.321,-40.206,-245.550,25.74
17.6472,0.3906,0.1106,-1.1472,120.588,22.786,-175.153,25.79
17.6553,0.1089,-0.0017,-1.0686,113.573,43.344,-143.679,25.84
17.6634,-0.1526,-0.0493,-1.0039,116.595,22.031,-134.008,25.79
17.6748,-0.1079,-0.0532,-0.9910,117.176,-3.519,-138.641,25.60
17.6868,0.1619,0.0674,-1.0166,110.779,-5.893,-125.893,25.60
17.6968,0.2053,0.1138,-0.9946,102.351,11.863,-111.817,25.41
17.7031,0.0735,0.0662,-0.9631,95.832,14.351,-99.679,25.60
17.7199,0.1106,-0.0129,-0.9553,90.359,-5.649,-98.374,25.94
17.7226,0.1492,0.0017,-0.9434,90.443,-11.985,-98.695,25.94
17.7353,0.2607,-0.0342,-0.9446,83.718,-8.397,-86.687,25.79
17.7488,0.3604,-0.0288,-0.9465,80.458,-12.992,-80.496,25.46
17.7551,0.4583,-0.0642,-0.9570,79.649,-12.328,-76.130,25.79
17.7653,0.4802,-0.1196,-0.9768,78.863,-3.496,-72.427,26.03
17.7759,0.4075,-0.2190,-0.9612,80.420,-5.580,-74.282,25.79
17.7883,0.4294,-0.2415,-0.9663,84.580,-15.534,-93.557,25.50
17.7943,0.4805,-0.2209,-0.9919,86.412,-19.611,-99.153,25.50
17.8040,0.5315,-0.1973,-1.0002,87.786,-16.160,-105.351,25.98
17.8203,0.4609,-0.1465,-0.9885,92.153,-16.901,-113.672,25.94
17.8237,0.4636,-0.1372,-0.9817,88.130,-6.466,-114.550,25.74
17.8357,0.4658,-0.0908,-0.9663,89.878,-22.603,-115.244,25.84
17.8441,0.4863,-0.0781,-0.9832,87.099,-19.023,-116.237,25.50
17.8549,0.5127,-0.0195,-0.9761,82.573,-16.885,-113.878,26.03
17.8652,0.4824,-0.0186,-0.9990,79.649,-11.015,-115.038,25.50
17.8748,0.4546,-0.0298,-0.9946,75.153,-12.053,-108.916,25.65
17.8827,0.4590,-0.0906,-0.9358,72.779,-15.252,-115.267,25.65
17.9005,0.4526,-0.1311,-0.9180,72.824,-6.168,-109.847,25.50
17.9047,0.3435,0.0359,-0.9709,71.748,1.588,-118.557,25.41
17.9161,0.3000,-0.1067,-0.9541,69.473,-11.359,-112.336,25.60
17.9316,0.3699,-0.0034,-0.9565,63.137,-9.863,-103.374,25.65
17.9395,0.3684,-0.0269,-0.9546,60.145,2.656,-109.389,25.79
